Rk,Player,Pos,Age,Tm,G,GS,MP,FG,FGA,FG%,3P,3PA,3P%,2P,2PA,2P%,eFG%,FT,FTA,FT%,ORB,DRB,TRB,AST,STL,BLK,TOV,PF,PTS
1,Steven Adams\adamsst01,C,26,OKC,34,34,28.3,5.0,8.1,.610,0.0,0.0,.000,5.0,8.1,.612,.610,2.0,3.5,.558,3.8,6.5,10.3,2.7,0.6,1.2,1.5,1.9,11.9
2,Bam Adebayo\adebaba01,C,22,MIA,36,36,34.4,5.9,10.2,.580,0.0,0.3,.111,5.9,9.9,.592,.582,3.8,5.6,.677,2.7,8.0,10.6,4.5,1.3,1.2,2.9,2.7,15.6
3,LaMarcus Aldridge\aldrila01,C,34,SAS,33,33,33.0,7.7,15.1,.509,1.0,2.2,.459,6.6,12.8,.518,.543,2.9,3.5,.851,2.2,5.6,7.8,2.4,0.6,1.9,1.3,2.4,19.3
4,Nickeil Alexander-Walker\alexani01,SG,21,NOP,28,0,12.7,2.0,6.0,.341,1.1,3.1,.345,1.0,2.9,.338,.431,0.4,0.6,.611,0.1,2.0,2.1,1.7,0.3,0.1,1.0,1.2,5.5
5,Grayson Allen\allengr01,SG,24,MEM,23,0,16.9,2.7,6.2,.441,1.3,3.3,.387,1.5,3.0,.500,.542,1.0,1.2,.889,0.1,2.1,2.2,1.3,0.2,0.0,0.9,1.4,7.8
6,Jarrett Allen\allenja01,C,21,BRK,36,32,26.6,4.4,6.9,.648,0.0,0.1,.000,4.4,6.8,.656,.648,2.7,4.1,.649,3.3,6.5,9.8,1.3,0.7,1.3,1.2,2.5,11.6
7,Kadeem Allen\allenka01,SG,27,NYK,4,0,10.5,1.8,4.5,.389,0.8,1.5,.500,1.0,3.0,.333,.472,0.3,0.8,.333,0.3,0.5,0.8,2.0,0.5,0.0,1.3,0.8,4.5
8,Al-Farouq Aminu\aminual01,PF,29,ORL,18,2,21.1,1.4,4.8,.291,0.5,2.0,.250,0.9,2.8,.320,.343,1.1,1.6,.655,1.3,3.5,4.8,1.2,1.0,0.4,0.9,1.5,4.3
9,Justin Anderson\anderju01,G,26,BRK,1,0,2.0,1.0,1.0,1.000,0.0,0.0,,1.0,1.0,1.000,1.000,0.0,0.0,,0.0,0.0,0.0,0.0,0.0,0.0,0.0,0.0,2.0
10,Kyle Anderson\anderky01,PF,26,MEM,32,2,17.3,2.0,4.4,.457,0.2,0.8,.231,1.8,3.6,.509,.479,0.8,1.3,.634,1.0,3.0,4.0,2.3,0.7,0.4,0.8,1.4,5.0
11,Ryan Anderson\anderry01,PF,31,HOU,2,0,7.0,1.0,3.5,.286,0.5,2.5,.200,0.5,1.0,.500,.357,0.0,0.0,,0.0,3.5,3.5,1.0,0.5,0.0,0.5,0.5,2.5
12,Giannis Antetokounmpo\antetgi01,PF,25,MIL,35,35,31.0,11.1,20.1,.553,1.7,5.2,.326,9.5,15.0,.632,.595,6.3,10.2,.615,2.5,10.3,12.8,5.6,1.3,1.1,3.5,3.1,30.2
13,Kostas Antetokounmpo\antetko01,PF,22,LAL,2,0,1.5,0.0,0.0,,0.0,0.0,,0.0,0.0,,,0.0,0.0,,0.0,0.5,0.5,0.0,0.0,0.0,0.0,0.0,0.0
14,Thanasis Antetokounmpo\antetth01,SF,27,MIL,11,0,4.3,0.8,1.5,.563,0.0,0.2,.000,0.8,1.3,.643,.563,0.4,0.7,.500,0.5,0.1,0.5,0.5,0.1,0.1,0.4,0.5,2.0
15,Carmelo Anthony\anthoca01,PF,35,POR,23,23,31.9,6.2,14.3,.435,1.6,3.9,.411,4.6,10.4,.444,.491,2.4,3.0,.812,1.0,5.0,6.0,1.3,1.1,0.7,1.8,3.1,16.5
16,OG Anunoby\anunoog01,SF,22,TOR,36,35,29.8,4.3,8.9,.489,1.4,3.8,.360,3.0,5.1,.585,.566,0.8,1.3,.625,1.1,4.8,5.9,1.6,1.1,0.8,1.3,2.5,10.9
17,Ryan Arcidiacono\arcidry01,PG,25,CHI,34,0,15.0,1.3,3.4,.385,0.8,2.0,.406,0.5,1.4,.354,.504,0.5,0.7,.750,0.4,1.3,1.7,1.5,0.4,0.1,0.5,1.6,4.0
18,Trevor Ariza\arizatr01,SF,34,SAC,29,0,24.5,2.0,5.1,.392,1.4,3.7,.370,0.6,1.4,.450,.527,0.7,0.9,.800,0.7,3.9,4.6,1.5,1.1,0.2,0.9,1.9,6.1
19,D.J. Augustin\augusdj01,PG,32,ORL,37,6,26.1,3.3,8.4,.397,1.2,3.5,.344,2.1,4.9,.434,.468,2.8,3.1,.888,0.4,2.0,2.4,4.9,0.7,0.0,1.4,1.1,10.6
20,Deandre Ayton\aytonde01,C,21,PHO,7,5,30.9,7.1,13.4,.532,0.0,0.1,.000,7.1,13.3,.538,.532,1.1,1.4,.800,3.7,8.1,11.9,2.3,0.4,1.4,1.6,3.4,15.4
21,Dwayne Bacon\bacondw01,SG,24,CHO,29,10,17.3,2.2,6.8,.332,0.5,1.8,.264,1.8,4.9,.357,.367,1.0,1.4,.690,0.4,2.0,2.4,1.2,0.7,0.1,0.9,1.3,6.0
22,Marvin Bagley\baglema01,PF,20,SAC,9,3,23.6,5.6,12.1,.459,0.3,1.6,.214,5.2,10.6,.495,.472,2.2,2.8,.800,2.0,4.9,6.9,0.7,0.4,0.9,1.4,2.9,13.7
23,Lonzo Ball\balllo01,PG,22,NOP,29,20,29.0,4.6,11.1,.409,2.3,6.3,.366,2.2,4.8,.464,.512,0.7,1.3,.514,1.2,3.9,5.1,5.5,1.2,0.2,2.5,1.9,12.1
24,Mo Bamba\bambamo01,C,21,ORL,33,0,15.5,2.3,5.2,.450,0.7,2.0,.333,1.7,3.2,.524,.515,0.4,0.6,.650,1.5,3.8,5.3,0.6,0.3,1.3,0.9,1.9,5.7
25,J.J. Barea\bareajo01,PG,35,DAL,11,3,16.3,3.5,8.0,.443,1.5,3.3,.444,2.1,4.7,.442,.534,0.5,0.5,1.000,0.4,1.5,1.8,3.5,0.3,0.1,1.4,0.5,9.0
26,Harrison Barnes\barneha02,PF,27,SAC,38,38,35.0,5.2,11.6,.446,1.4,3.9,.354,3.8,7.7,.493,.506,3.6,4.6,.798,0.9,3.9,4.9,2.2,0.7,0.2,1.3,1.2,15.3
27,RJ Barrett\barrerj01,SG,19,NYK,36,36,31.5,5.2,13.2,.393,1.1,3.5,.310,4.1,9.7,.423,.434,2.4,4.2,.572,1.1,4.1,5.2,2.5,1.0,0.4,2.2,2.3,13.9
28,Will Barton\bartowi01,SF,29,DEN,34,34,33.1,5.7,12.6,.456,1.6,4.3,.361,4.2,8.3,.505,.518,1.8,2.4,.753,1.6,5.3,7.0,3.7,1.1,0.4,1.4,2.1,14.8
29,Keita Bates-Diop\bateske01,SF,24,MIN,24,0,18.1,2.4,5.6,.425,1.0,2.7,.369,1.4,2.9,.478,.515,1.2,1.6,.718,0.5,2.3,2.8,0.5,0.5,0.4,0.4,1.0,6.9
30,Nicolas Batum\batumni01,SF,31,CHO,16,2,22.3,1.3,3.4,.370,0.7,2.3,.306,0.6,1.1,.500,.472,0.4,0.4,1.000,1.1,2.9,4.1,3.0,0.8,0.5,1.2,2.0,3.6
31,Aron Baynes\baynear01,C,33,PHO,28,22,24.1,4.9,9.7,.502,1.4,4.1,.348,3.4,5.6,.615,.576,1.4,1.9,.717,1.6,4.4,6.0,2.0,0.2,0.6,1.2,3.8,12.5
32,Kent Bazemore\bazemke01,SF,30,POR,38,16,25.2,2.7,7.6,.355,1.3,3.8,.349,1.3,3.7,.362,.444,1.2,1.5,.804,0.3,3.7,3.9,1.3,0.9,0.7,1.4,2.8,7.9
33,Darius Bazley\bazleda01,PF,19,OKC,37,6,17.1,1.5,4.3,.356,0.7,2.2,.325,0.8,2.1,.390,.441,0.5,0.7,.654,0.4,3.5,3.8,0.5,0.4,0.6,0.9,1.0,4.3
34,Bradley Beal\bealbr01,SG,26,WAS,31,31,36.5,9.5,21.7,.435,2.5,8.1,.315,6.9,13.6,.507,.494,6.4,7.6,.831,1.1,3.7,4.8,6.6,1.1,0.3,3.3,2.5,27.8
35,Malik Beasley\beaslma01,SG,23,DEN,27,0,16.0,2.6,6.5,.406,1.4,3.4,.398,1.3,3.0,.415,.511,0.3,0.4,.818,0.2,1.2,1.4,0.9,0.5,0.1,0.8,1.1,7.0
36,Marco Belinelli\belinma01,SG,33,SAS,31,0,16.1,2.0,5.6,.356,1.0,2.9,.344,1.0,2.7,.369,.445,0.7,1.0,.733,0.0,1.6,1.6,1.3,0.2,0.0,0.4,0.8,5.7
37,Jordan Bell\belljo01,C,25,MIN,22,0,9.4,1.2,2.4,.509,0.0,0.3,.143,1.2,2.1,.565,.519,0.7,1.1,.640,1.1,2.0,3.1,0.6,0.1,0.4,0.8,0.6,3.2
38,DeAndre' Bembry\bembrde01,SG,25,ATL,36,4,21.9,2.6,5.5,.467,0.3,1.4,.231,2.2,4.0,.552,.497,0.6,1.1,.512,0.9,2.9,3.8,2.0,1.2,0.4,1.3,1.9,6.0
39,Dragan Bender\bendedr01,SF,22,MIL,3,0,9.7,2.0,2.7,.750,0.7,1.3,.500,1.3,1.3,1.000,.875,0.3,0.3,1.000,0.0,0.7,0.7,1.0,0.0,0.7,0.3,2.0,5.0
40,Dāvis Bertāns\bertada01,PF,27,WAS,28,4,30.0,5.1,11.3,.449,3.8,8.6,.434,1.3,2.6,.500,.616,1.5,1.7,.894,0.9,4.0,4.9,1.7,0.6,0.6,0.8,2.6,15.4
41,Patrick Beverley\beverpa01,PG,31,LAC,30,30,29.0,3.0,7.3,.414,1.4,4.2,.323,1.7,3.1,.538,.507,0.5,0.9,.593,1.3,4.7,6.0,3.4,1.4,0.6,1.2,3.3,8.0
42,Khem Birch\birchkh01,C,27,ORL,23,12,21.2,1.5,3.0,.486,0.0,0.0,.000,1.5,3.0,.493,.486,0.8,1.7,.500,1.8,3.0,4.9,1.0,0.5,0.7,0.6,2.2,3.8
43,Goga Bitadze\bitadgo01,C,20,IND,28,2,9.8,1.2,2.6,.459,0.1,0.7,.211,1.1,2.0,.545,.486,0.6,0.8,.696,0.7,1.8,2.4,0.5,0.0,0.9,0.5,1.5,3.1
44,Bismack Biyombo\biyombi01,C,27,CHO,37,22,19.5,3.1,5.6,.563,0.0,0.0,,3.1,5.6,.563,.563,1.7,2.9,.604,2.3,3.5,5.9,0.8,0.2,0.8,0.8,2.2,8.0
45,Nemanja Bjelica\bjeline01,PF,31,SAC,38,35,26.8,4.4,9.4,.468,1.9,4.5,.418,2.6,5.0,.513,.567,0.9,1.1,.837,1.5,4.7,6.2,2.4,0.9,0.6,1.6,3.1,11.7
46,Eric Bledsoe\bledser01,PG,30,MIL,30,30,26.0,5.5,11.5,.481,1.3,3.6,.361,4.2,7.9,.536,.538,2.5,3.0,.813,0.8,3.9,4.7,5.4,0.9,0.5,2.3,2.2,14.8
47,Bogdan Bogdanović\bogdabo01,SG,27,SAC,30,0,28.1,5.3,12.4,.426,2.6,6.9,.383,2.6,5.5,.479,.532,1.3,2.0,.661,0.3,2.6,3.0,3.6,1.1,0.3,2.0,2.0,14.5
48,Bojan Bogdanović\bogdabo02,SF,30,UTA,35,35,33.5,6.8,15.4,.439,3.0,7.1,.418,3.8,8.3,.457,.535,4.4,4.9,.895,0.7,3.7,4.4,2.0,0.7,0.1,2.8,1.9,20.9
49,Jonah Bolden\boldejo01,PF,24,PHI,2,0,2.5,0.5,0.5,1.000,0.0,0.0,,0.5,0.5,1.000,1.000,0.0,1.0,.000,0.0,0.0,0.0,0.0,0.5,0.0,0.5,0.0,1.0
50,Jordan Bone\bonejo01,PG,22,DET,3,0,2.0,0.7,1.7,.400,0.0,0.3,.000,0.7,1.3,.500,.400,0.0,0.0,,0.0,0.0,0.0,0.0,0.0,0.0,0.7,0.7,1.3
51,Isaac Bonga\bongais01,SF,20,WAS,31,20,16.2,1.5,3.0,.505,0.2,0.7,.286,1.3,2.3,.569,.538,0.9,1.2,.750,0.9,2.0,2.9,1.0,0.6,0.3,0.5,2.1,4.1
52,Devin Booker\bookede01,SG,23,PHO,34,34,36.1,9.2,18.1,.510,1.8,5.1,.358,7.4,13.0,.569,.560,5.9,6.5,.914,0.6,3.2,3.8,6.5,0.7,0.2,3.8,3.0,26.2
53,Chris Boucher\bouchch01,PF,27,TOR,34,0,13.3,2.1,4.6,.462,0.5,1.6,.333,1.6,3.1,.529,.519,1.5,2.0,.725,2.1,2.6,4.6,0.4,0.3,0.9,0.4,1.7,6.3
54,Brian Bowen\bowenbr02,SG,21,IND,3,0,3.3,0.3,1.3,.250,0.0,0.3,.000,0.3,1.0,.333,.250,0.0,0.0,,0.0,0.3,0.3,0.0,0.0,0.3,0.0,0.0,0.7
55,Ky Bowman\bowmaky01,PG,22,GSW,34,8,22.6,3.1,7.3,.418,0.9,2.4,.366,2.2,4.9,.443,.478,0.7,0.8,.889,0.5,2.1,2.6,2.9,0.9,0.1,1.3,2.3,7.7
56,Avery Bradley\bradlav01,SG,29,LAL,23,18,24.0,3.5,7.7,.455,0.7,2.7,.262,2.8,5.1,.556,.500,0.4,0.5,.750,0.6,1.9,2.4,1.2,1.0,0.1,1.2,2.3,8.1
57,Tony Bradley\bradlto01,C,22,UTA,25,2,9.4,1.8,3.0,.600,0.0,0.0,,1.8,3.0,.600,.600,0.6,1.0,.625,1.4,2.2,3.5,0.3,0.1,0.5,0.4,1.8,4.2
58,Jarrell Brantley\brantja01,PF,23,UTA,2,0,4.5,0.0,0.0,,0.0,0.0,,0.0,0.0,,,0.0,0.0,,0.0,2.0,2.0,0.5,0.0,1.0,0.5,0.5,0.0
59,Ignas Brazdeikis\brazdig01,SF,21,NYK,8,0,6.0,0.6,2.5,.250,0.1,1.0,.125,0.5,1.5,.333,.275,0.4,0.5,.750,0.3,0.4,0.6,0.3,0.0,0.1,0.3,0.4,1.8
60,Mikal Bridges\bridgmi01,SF,23,PHO,37,3,22.2,2.5,5.0,.495,0.5,1.7,.290,2.0,3.4,.597,.543,1.4,1.7,.825,0.8,3.1,3.9,1.3,1.4,0.4,0.8,2.1,6.9
61,Miles Bridges\bridgmi02,SF,21,CHO,39,39,30.5,4.7,10.6,.441,1.4,4.1,.348,3.2,6.5,.500,.508,1.4,1.7,.803,1.2,4.3,5.5,1.8,0.6,0.7,1.6,2.2,12.1
62,Oshae Brissett\brissos01,SF,21,TOR,11,0,9.1,1.0,2.3,.440,0.3,0.8,.333,0.7,1.5,.500,.500,0.5,0.5,.833,0.7,1.0,1.7,0.4,0.3,0.1,0.3,1.0,2.7
63,Ryan Broekhoff\broekry01,SG,29,DAL,10,0,7.7,1.1,2.5,.440,1.0,2.0,.500,0.1,0.5,.200,.640,0.5,0.6,.833,0.1,1.3,1.4,0.4,0.2,0.1,0.2,0.7,3.7
64,Malcolm Brogdon\brogdma01,PG,27,IND,27,27,30.5,6.3,14.2,.446,1.4,4.1,.333,5.0,10.1,.493,.495,3.6,3.9,.933,0.6,3.7,4.4,7.4,0.9,0.2,2.7,2.0,17.7
65,Dillon Brooks\brookdi01,SG,24,MEM,38,38,27.9,5.4,13.0,.412,2.0,5.2,.384,3.4,7.8,.431,.489,2.2,2.6,.838,0.9,2.4,3.3,2.0,1.0,0.3,1.7,3.9,14.9
66,Bruce Brown\brownbr01,SG,23,DET,37,28,27.1,3.3,7.5,.440,0.5,1.6,.328,2.8,5.8,.472,.477,1.5,2.1,.684,0.9,3.5,4.4,3.8,1.2,0.5,1.8,2.7,8.6
67,Charlie Brown\brownch02,SG,22,ATL,4,0,4.0,0.3,0.8,.333,0.3,0.3,1.000,0.0,0.5,.000,.500,1.0,1.0,1.000,0.5,0.3,0.8,0.0,0.0,0.3,0.0,0.0,1.8
68,Jaylen Brown\brownja02,SF,23,BOS,30,30,33.6,7.6,14.9,.511,2.1,5.4,.395,5.5,9.5,.577,.583,3.4,4.4,.765,1.1,6.2,7.2,2.3,1.1,0.3,2.3,3.0,20.7
69,Moses Brown\brownmo01,C,20,POR,6,0,3.5,0.7,1.5,.444,0.0,0.0,,0.7,1.5,.444,.444,0.3,0.7,.500,0.3,1.3,1.7,0.0,0.2,0.0,0.3,0.7,1.7
70,Sterling Brown\brownst02,SF,24,MIL,27,0,15.8,1.8,4.7,.383,0.8,2.5,.328,1.0,2.3,.443,.469,0.7,1.0,.741,0.6,3.1,3.7,1.0,0.6,0.1,1.0,1.1,5.2
71,Troy Brown\browntr01,SG,20,WAS,33,14,25.4,3.9,8.6,.454,0.7,2.3,.307,3.2,6.3,.507,.495,1.5,1.9,.781,1.2,4.6,5.8,2.1,1.3,0.1,1.2,1.9,10.0
72,Jalen Brunson\brunsja01,PG,23,DAL,36,8,17.4,3.1,6.5,.468,0.8,2.3,.333,2.3,4.3,.539,.526,0.9,1.1,.756,0.5,2.0,2.5,3.4,0.4,0.1,1.1,1.3,7.7
73,Thomas Bryant\bryanth01,C,22,WAS,18,18,28.4,5.6,10.2,.549,0.6,1.9,.286,5.1,8.3,.611,.576,2.2,2.9,.736,2.3,6.2,8.5,2.7,0.4,1.0,1.3,2.4,13.9
74,Reggie Bullock\bullore01,G-F,28,NYK,4,1,21.5,3.8,8.5,.441,1.5,4.0,.375,2.3,4.5,.500,.529,0.0,0.0,,0.5,0.8,1.3,1.0,1.8,0.0,0.0,2.3,9.0
75,Trey Burke\burketr01,PG,27,PHI,19,0,14.9,2.9,5.8,.495,0.8,1.7,.469,2.1,4.2,.506,.563,0.7,0.9,.765,0.7,0.9,1.6,2.5,0.4,0.1,0.6,0.9,7.3
76,Alec Burks\burksal01,SG,28,GSW,35,14,29.1,5.2,12.2,.423,1.6,4.3,.364,3.6,7.9,.455,.487,3.9,4.4,.889,0.7,3.8,4.5,3.0,1.2,0.3,1.5,2.2,15.8
77,Deonte Burton\burtode02,SG,26,OKC,20,0,8.6,0.9,2.9,.316,0.3,1.4,.179,0.7,1.5,.448,.360,0.2,0.4,.571,0.3,1.2,1.4,0.5,0.1,0.2,0.3,0.9,2.3
78,Jimmy Butler\butleji01,SF,30,MIA,31,31,35.4,5.8,13.6,.429,0.8,2.9,.270,5.1,10.7,.471,.457,8.0,9.7,.821,2.1,4.8,6.9,6.6,2.0,0.5,2.6,1.3,20.4
79,Bruno Caboclo\cabocbr01,SF,24,MEM,21,0,9.0,1.3,3.2,.412,0.2,1.2,.160,1.1,2.0,.558,.441,0.1,0.1,.667,0.8,1.3,2.1,0.5,0.5,0.6,0.3,1.1,3.0
80,Kentavious Caldwell-Pope\caldwke01,SG,26,LAL,37,19,25.2,3.4,7.2,.466,1.4,3.2,.433,2.0,4.0,.493,.563,1.1,1.4,.792,0.6,1.5,2.1,1.7,0.8,0.2,0.9,1.8,9.3
81,Vlatko Čančar\cancavl01,SF,22,DEN,5,0,1.8,0.0,0.2,.000,0.0,0.0,,0.0,0.2,.000,.000,0.4,0.4,1.000,0.2,0.0,0.2,0.4,0.0,0.0,0.0,0.0,0.4
82,Clint Capela\capelca01,C,25,HOU,29,29,33.6,6.5,10.1,.645,0.0,0.0,,6.5,10.1,.645,.645,1.4,2.8,.512,3.9,10.3,14.2,1.2,1.0,1.8,1.6,2.7,14.5
83,DeMarre Carroll\carrode01,SF,33,SAS,14,0,9.5,0.6,2.1,.310,0.2,0.9,.231,0.4,1.1,.375,.362,0.8,1.3,.611,0.5,1.6,2.1,0.8,0.1,0.1,0.7,1.4,2.3
84,Jevon Carter\carteje01,PG,24,PHO,24,2,13.6,1.3,3.4,.366,0.7,1.9,.348,0.6,1.5,.389,.463,0.3,0.3,.750,0.5,1.5,1.9,1.5,0.8,0.3,0.8,1.5,3.4
85,Vince Carter\cartevi01,SF,43,ATL,30,0,15.9,1.8,5.5,.329,1.0,3.6,.275,0.8,1.8,.436,.421,0.4,0.6,.706,0.2,1.8,2.0,1.1,0.3,0.4,0.6,1.7,5.0
86,Wendell Carter\cartewe01,C,20,CHI,37,37,30.0,4.5,8.4,.537,0.2,0.8,.214,4.3,7.6,.569,.547,2.6,3.5,.736,3.5,6.4,9.9,1.2,0.8,0.9,1.7,3.8,11.7
87,Michael Carter-Williams\cartemi01,SG,28,ORL,19,0,16.3,1.8,4.9,.376,0.4,1.6,.233,1.5,3.3,.444,.414,1.2,1.6,.710,0.9,2.2,3.2,2.0,1.1,0.4,0.9,1.4,5.2
88,Alex Caruso\carusal01,PG,25,LAL,34,0,19.4,2.0,4.6,.432,0.6,1.9,.323,1.4,2.6,.511,.500,0.9,1.3,.744,0.3,1.7,2.0,1.7,1.1,0.2,0.9,1.6,5.5
89,Willie Cauley-Stein\caulewi01,C,26,GSW,33,32,23.2,3.6,6.5,.563,0.0,0.0,,3.6,6.5,.563,.563,0.8,1.3,.605,1.6,4.6,6.2,1.5,1.2,1.4,0.9,2.6,8.1
90,Tyson Chandler\chandty01,C,37,HOU,22,5,8.7,0.6,0.8,.778,0.0,0.0,,0.6,0.8,.778,.778,0.3,0.6,.462,1.0,1.8,2.8,0.3,0.3,0.4,0.3,1.2,1.5
91,Wilson Chandler\chandwi01,SF,32,BRK,11,0,20.5,2.5,5.5,.443,0.6,2.9,.219,1.8,2.6,.690,.500,0.6,0.7,.875,0.3,4.5,4.8,1.4,0.6,0.5,1.3,2.1,6.2
92,Zylan Cheatham\cheatzy01,SF,24,NOP,2,0,10.0,0.5,2.0,.250,0.0,0.5,.000,0.5,1.5,.333,.250,0.0,0.0,,0.0,1.5,1.5,0.5,0.0,0.0,0.5,1.5,1.0
93,Chris Chiozza\chiozch01,PG,24,WAS,10,0,12.3,1.0,3.4,.294,0.7,1.6,.438,0.3,1.8,.167,.397,0.0,0.0,,0.0,1.5,1.5,2.8,1.0,0.2,0.9,1.2,2.7
94,Marquese Chriss\chrisma01,PF,22,GSW,37,3,17.7,2.6,5.4,.485,0.1,0.6,.227,2.5,4.8,.517,.498,2.0,2.6,.760,1.9,3.6,5.4,1.9,0.6,0.9,1.4,1.9,7.4
95,Gary Clark\clarkga01,PF,25,HOU,18,0,11.8,1.3,3.3,.390,1.0,2.8,.353,0.3,0.4,.625,.542,0.3,0.4,.857,0.6,1.6,2.2,0.7,0.1,0.4,0.1,1.2,3.9
96,Brandon Clarke\clarkbr01,PF,23,MEM,32,2,21.2,5.3,8.3,.635,0.5,1.2,.421,4.8,7.1,.671,.665,1.3,1.7,.778,1.3,4.3,5.6,1.3,0.4,0.8,1.0,1.6,12.4
97,Jordan Clarkson\clarkjo01,SG,27,TOT,35,0,23.2,5.0,11.2,.445,2.1,5.5,.378,2.9,5.7,.510,.538,2.4,2.9,.850,0.7,1.6,2.3,2.2,0.5,0.3,1.3,1.3,14.5
97,Jordan Clarkson\clarkjo01,SG,27,CLE,29,0,23.0,5.0,11.2,.442,2.0,5.5,.371,2.9,5.8,.509,.532,2.6,3.0,.884,0.7,1.7,2.4,2.4,0.6,0.3,1.3,1.1,14.6
97,Jordan Clarkson\clarkjo01,G,27,UTA,6,0,24.3,5.0,10.8,.462,2.3,5.7,.412,2.7,5.2,.516,.569,1.5,2.3,.643,0.3,1.3,1.7,1.0,0.3,0.5,0.8,2.0,13.8
98,Nicolas Claxton\claxtni01,PF,20,BRK,10,0,12.0,1.1,2.2,.500,0.0,0.5,.000,1.1,1.7,.647,.500,0.5,1.2,.417,0.8,1.4,2.2,1.1,0.1,0.5,0.6,1.0,2.7
99,Chris Clemons\clemoch01,SG,22,HOU,22,0,9.1,1.9,4.4,.427,1.4,3.5,.390,0.5,0.9,.579,.583,0.1,0.2,.750,0.1,0.6,0.7,0.7,0.3,0.2,0.5,0.8,5.2
100,Amir Coffey\coffeam01,G,22,LAC,2,0,2.5,1.0,1.5,.667,0.5,1.0,.500,0.5,0.5,1.000,.833,0.0,0.0,,0.0,0.0,0.0,0.5,0.0,0.0,0.0,0.5,2.5
101,John Collins\collijo01,PF,22,ATL,11,11,30.7,7.2,14.0,.513,1.5,4.3,.362,5.6,9.7,.579,.568,2.1,2.6,.793,1.9,7.4,9.3,1.7,0.9,1.8,1.7,3.2,18.0
102,Zach Collins\colliza01,PF,22,POR,3,3,28.7,3.0,6.3,.474,1.0,2.3,.429,2.0,4.0,.500,.553,2.0,2.0,1.000,1.3,2.7,4.0,2.0,0.0,0.7,2.0,3.7,9.0
103,Mike Conley\conlemi01,PG,32,UTA,22,22,29.4,4.5,12.3,.365,1.8,5.0,.360,2.7,7.3,.369,.439,2.8,3.5,.803,0.7,2.6,3.3,4.6,0.7,0.2,2.0,2.2,13.6
104,Pat Connaughton\connapa01,SG,27,MIL,35,0,18.0,1.9,4.4,.439,0.7,2.3,.309,1.2,2.1,.581,.519,0.5,0.7,.696,0.7,3.6,4.3,1.9,0.3,0.5,0.8,1.1,5.1
105,Quinn Cook\cookqu01,PG,26,LAL,23,0,12.6,1.9,4.6,.415,0.6,1.7,.333,1.3,2.9,.463,.476,0.2,0.2,.800,0.2,0.9,1.1,1.4,0.3,0.0,0.8,0.6,4.6
106,Tyler Cook\cookty01,PF,22,CLE,6,0,2.8,0.8,1.0,.833,0.0,0.0,,0.8,1.0,.833,.833,0.3,0.3,1.000,0.5,0.3,0.8,0.0,0.2,0.0,0.2,0.2,2.0
107,Robert Covington\covinro01,PF,29,MIN,35,34,28.8,4.3,9.8,.440,2.1,6.1,.349,2.2,3.7,.594,.550,1.7,2.1,.833,0.7,5.1,5.8,1.2,1.6,0.9,1.5,3.0,12.5
108,Allen Crabbe\crabbal01,SG,27,ATL,24,1,18.7,2.0,5.3,.375,1.1,3.5,.321,0.9,1.8,.477,.480,0.4,0.5,.750,0.3,2.0,2.3,1.0,0.5,0.1,0.5,1.3,5.5
109,Torrey Craig\craigto01,SF,29,DEN,24,3,12.3,1.1,2.8,.382,0.3,1.4,.235,0.8,1.4,.529,.441,0.3,0.5,.538,0.6,1.5,2.0,0.6,0.3,0.5,0.4,1.8,2.8
110,Jae Crowder\crowdja01,SF,29,MEM,36,36,30.7,3.6,9.4,.381,1.9,6.3,.308,1.6,3.1,.527,.484,1.6,2.1,.773,0.9,5.3,6.2,3.0,1.0,0.4,1.3,2.1,10.7
111,Jarrett Culver\culveja01,SG,20,MIN,35,22,23.5,3.5,9.3,.378,0.9,3.7,.254,2.6,5.6,.462,.429,0.9,2.1,.438,1.2,2.2,3.4,2.0,1.1,0.7,1.2,2.3,8.9
112,Seth Curry\curryse01,SG,29,DAL,34,9,22.2,3.5,7.7,.449,1.7,4.5,.388,1.7,3.3,.532,.561,1.3,1.4,.938,0.4,1.6,2.0,1.7,0.6,0.2,1.1,1.8,10.0
113,Stephen Curry\curryst01,PG,31,GSW,4,4,28.0,6.8,16.5,.409,2.3,9.3,.243,4.5,7.3,.621,.477,4.5,4.5,1.000,1.0,4.0,5.0,6.5,1.3,0.5,3.8,2.5,20.3
114,Troy Daniels\danietr01,SG,28,LAL,27,0,12.0,1.5,3.9,.385,1.0,2.8,.347,0.5,1.1,.483,.510,0.1,0.3,.571,0.1,0.9,1.0,0.3,0.3,0.1,0.3,0.7,4.1
115,Anthony Davis\davisan02,PF,26,LAL,35,35,35.2,9.4,18.7,.504,1.1,3.7,.297,8.3,15.1,.554,.533,7.1,8.3,.859,2.2,7.2,9.4,3.2,1.5,2.6,2.4,2.5,27.1
116,Ed Davis\davised01,C,30,UTA,19,0,11.5,0.6,1.5,.393,0.0,0.0,,0.6,1.5,.393,.393,0.2,0.5,.444,1.1,3.2,4.3,0.4,0.5,0.4,0.6,2.4,1.4
117,Terence Davis\daviste02,SG,22,TOR,37,0,16.5,2.4,5.2,.464,1.2,3.0,.391,1.3,2.3,.560,.575,0.7,0.8,.931,0.6,2.4,3.0,1.8,0.5,0.2,0.9,1.5,6.8
118,Dewayne Dedmon\dedmode01,C,30,SAC,24,4,14.3,2.0,4.7,.420,0.5,2.2,.231,1.5,2.5,.583,.473,0.7,0.8,.842,1.2,2.9,4.1,0.4,0.4,0.5,1.5,2.5,5.1
119,Matthew Dellavedova\dellama01,PG,29,CLE,35,0,13.1,0.9,3.0,.314,0.2,1.7,.138,0.7,1.3,.532,.352,0.6,0.6,.955,0.3,1.0,1.3,2.7,0.4,0.0,0.8,1.6,2.7
120,DeMar DeRozan\derozde01,SF,30,SAS,35,35,33.9,8.5,16.0,.530,0.2,0.7,.304,8.3,15.3,.539,.536,4.6,5.7,.813,0.6,4.6,5.1,4.9,0.9,0.3,2.5,2.8,21.7
121,Cheick Diallo\diallch01,C,23,PHO,23,0,9.3,2.0,3.0,.667,0.0,0.0,1.000,2.0,3.0,.662,.674,0.8,0.9,.857,0.7,2.0,2.7,0.5,0.1,0.2,0.5,1.0,4.8
122,Hamidou Diallo\diallha01,SF,21,OKC,17,1,20.2,3.3,7.1,.463,0.2,0.9,.188,3.1,6.2,.505,.475,1.2,1.8,.677,0.9,2.5,3.5,0.7,1.2,0.3,0.9,2.4,8.0
123,Gorgui Dieng\dienggo01,C,30,MIN,32,13,18.0,2.7,6.1,.439,0.9,2.5,.358,1.8,3.6,.496,.513,1.3,1.6,.800,1.6,4.2,5.8,1.3,0.9,1.0,0.9,2.0,7.5
124,Spencer Dinwiddie\dinwisp01,SG,26,BRK,36,25,30.8,7.4,17.6,.420,1.9,6.4,.289,5.6,11.2,.496,.473,5.7,7.2,.795,0.3,2.8,3.1,6.2,0.8,0.4,2.9,3.3,22.4
125,Donte DiVincenzo\divindo01,SG,23,MIL,34,20,22.6,3.1,7.1,.440,1.1,3.4,.322,2.1,3.8,.547,.516,1.0,1.2,.805,0.9,3.7,4.6,2.3,1.5,0.2,1.2,1.7,8.4
126,Luka Dončić\doncilu01,PG,20,DAL,32,32,32.8,9.6,20.2,.474,3.1,9.4,.331,6.5,10.8,.600,.552,7.3,9.1,.805,1.5,8.3,9.7,8.9,1.2,0.2,4.2,2.4,29.7
127,Luguentz Dort\dortlu01,SG,20,OKC,7,0,16.4,1.1,3.6,.320,0.1,2.0,.071,1.0,1.6,.636,.340,0.9,1.4,.600,0.1,1.3,1.4,0.4,0.3,0.0,0.4,2.6,3.3
128,Damyean Dotson\dotsoda01,SG,25,NYK,31,0,16.6,2.2,5.4,.407,1.0,3.3,.317,1.2,2.1,.545,.503,0.5,0.7,.696,0.1,1.5,1.6,1.3,0.4,0.1,0.4,0.7,5.9
129,Sekou Doumbouya\doumbse01,SF,19,DET,11,4,14.3,2.2,4.8,.453,0.5,1.7,.263,1.7,3.1,.559,.500,0.7,1.2,.615,0.5,2.5,2.9,0.2,0.6,0.2,0.5,1.9,5.5
130,Goran Dragić\dragigo01,PG,33,MIA,26,1,28.2,5.5,12.1,.451,2.3,5.7,.412,3.1,6.4,.485,.548,2.6,3.6,.723,0.4,2.8,3.2,5.0,0.6,0.3,2.5,1.8,15.9
131,Andre Drummond\drumman01,C,26,DET,36,35,33.8,7.1,13.5,.529,0.0,0.5,.000,7.1,13.0,.550,.529,3.3,5.1,.636,4.4,11.6,16.0,2.7,2.0,1.9,3.6,3.8,17.5
132,Jared Dudley\dudleja01,SF,34,LAL,24,1,7.7,0.5,1.2,.393,0.4,0.8,.526,0.0,0.4,.111,.571,0.1,0.1,1.000,0.1,0.7,0.8,0.6,0.3,0.0,0.1,0.8,1.4
133,Kris Dunn\dunnkr01,PG,25,CHI,37,18,24.1,2.9,6.8,.423,0.5,2.1,.234,2.4,4.8,.506,.458,0.7,1.0,.722,0.5,2.9,3.5,3.3,2.0,0.4,1.1,3.5,7.0
134,Carsen Edwards\edwarca01,SG,21,BOS,25,0,10.1,1.1,3.5,.307,0.7,2.2,.315,0.4,1.4,.294,.403,0.4,0.5,.846,0.2,1.4,1.6,0.7,0.3,0.1,0.5,0.9,3.3
135,Henry Ellenson\ellenhe01,PF,23,BRK,5,0,3.0,0.2,1.4,.143,0.0,0.8,.000,0.2,0.6,.333,.143,0.0,0.0,,0.4,0.8,1.2,0.2,0.0,0.0,0.0,0.2,0.4
136,Wayne Ellington\ellinwa01,SG,32,NYK,20,1,13.9,1.4,4.4,.310,1.1,3.7,.301,0.3,0.7,.357,.437,0.2,0.3,.667,0.1,1.6,1.6,0.9,0.4,0.1,0.7,1.1,4.0
137,Joel Embiid\embiijo01,C,25,PHI,31,31,31.1,7.7,16.3,.472,1.2,3.8,.322,6.5,12.5,.518,.510,6.8,8.1,.837,2.5,9.8,12.3,3.3,0.8,1.4,3.0,3.5,23.4
138,James Ennis\ennisja01,SF,29,PHI,37,0,17.8,2.3,5.2,.450,0.9,2.5,.363,1.4,2.7,.530,.537,1.1,1.4,.774,1.2,2.3,3.4,0.9,0.5,0.3,0.6,2.1,6.6
139,Drew Eubanks\eubandr01,PF,22,SAS,5,0,6.8,1.6,2.6,.615,0.0,0.0,,1.6,2.6,.615,.615,0.2,0.2,1.000,1.2,2.0,3.2,0.4,0.0,0.2,0.8,0.8,3.4
140,Jacob Evans\evansja02,SG,22,GSW,17,0,15.0,1.5,4.8,.309,0.5,1.2,.381,1.0,3.5,.283,.358,1.1,1.2,.857,0.2,1.3,1.5,0.9,0.2,0.4,1.1,1.5,4.5
141,Dante Exum\exumda01,SG,24,TOT,17,0,10.8,1.9,3.4,.552,0.5,1.1,.500,1.4,2.4,.575,.629,0.8,1.0,.765,0.2,1.2,1.4,0.9,0.4,0.1,1.1,0.8,5.1
141,Dante Exum\exumda01,SG,24,UTA,11,0,7.5,0.9,2.1,.435,0.2,0.5,.333,0.7,1.5,.471,.478,0.2,0.2,1.000,0.3,0.8,1.1,0.6,0.1,0.2,0.9,0.7,2.2
141,Dante Exum\exumda01,G,24,CLE,6,0,16.7,3.7,5.8,.629,1.2,2.0,.583,2.5,3.8,.652,.729,1.8,2.5,.733,0.0,2.0,2.0,1.3,0.8,0.0,1.3,1.0,10.3
142,Tacko Fall\fallta01,C,24,BOS,3,0,3.7,2.0,2.7,.750,0.0,0.0,,2.0,2.7,.750,.750,0.3,0.7,.500,0.0,2.3,2.3,0.0,0.0,0.7,1.0,1.0,4.3
143,Derrick Favors\favorde01,C,28,NOP,21,19,24.1,4.1,7.1,.573,0.0,0.2,.250,4.0,7.0,.582,.577,0.7,1.2,.560,3.5,6.8,10.3,2.2,0.5,1.1,1.3,2.3,8.9
144,Terrance Ferguson\fergute01,SF,21,OKC,31,31,26.8,1.9,4.8,.389,1.2,3.7,.322,0.7,1.1,.618,.513,0.2,0.3,.778,0.6,1.2,1.8,0.9,0.5,0.3,0.7,3.4,5.2
145,Bruno Fernando\fernabr01,C,21,ATL,36,8,11.9,1.5,3.2,.478,0.1,0.8,.148,1.4,2.4,.580,.496,0.6,0.9,.618,1.1,2.0,3.1,1.0,0.3,0.3,0.8,1.8,3.8
146,Yogi Ferrell\ferreyo01,PG,26,SAC,28,0,13.2,1.7,4.2,.407,0.4,1.5,.262,1.3,2.7,.487,.453,1.0,1.1,.875,0.1,1.1,1.3,1.6,0.4,0.1,0.7,0.8,4.8
147,Dorian Finney-Smith\finnedo01,PF,26,DAL,36,33,29.1,3.3,7.0,.468,1.5,3.9,.390,1.8,3.1,.568,.577,1.0,1.4,.712,1.9,3.4,5.3,1.4,0.7,0.5,0.9,2.1,9.1
148,Bryn Forbes\forbebr01,SG,26,SAS,35,34,25.9,3.9,9.8,.401,2.2,6.0,.365,1.7,3.7,.458,.513,1.2,1.3,.872,0.3,2.2,2.4,1.8,0.5,0.0,0.9,1.8,11.2
149,Evan Fournier\fournev01,SG,27,ORL,37,37,31.2,6.7,14.2,.471,2.5,6.2,.407,4.2,8.0,.522,.561,2.8,3.5,.808,0.1,2.5,2.6,3.2,1.0,0.2,1.9,2.5,18.8
150,De'Aaron Fox\foxde01,PG,22,SAC,20,18,30.2,6.3,13.7,.460,1.0,3.2,.313,5.3,10.5,.505,.496,4.7,6.5,.721,0.9,3.0,3.9,6.8,1.3,0.5,3.4,2.9,18.3
151,Melvin Frazier\frazime01,SG,23,ORL,10,0,3.7,0.4,1.4,.286,0.3,0.6,.500,0.1,0.8,.125,.393,0.1,0.2,.500,0.1,0.2,0.3,0.1,0.2,0.1,0.1,0.7,1.2
152,Tim Frazier\fraziti01,PG,29,DET,23,11,13.0,1.4,3.7,.393,0.4,1.1,.385,1.0,2.5,.397,.452,0.8,1.0,.818,0.3,0.8,1.1,3.5,0.6,0.1,1.2,1.5,4.1
153,Markelle Fultz\fultzma01,PG,21,ORL,36,31,26.5,4.7,10.2,.459,0.5,1.9,.254,4.2,8.3,.505,.482,1.6,2.2,.744,0.4,2.6,3.0,4.4,1.3,0.2,1.9,2.0,11.4
154,Wenyen Gabriel\gabriwe01,PF,22,SAC,10,0,5.9,0.5,1.6,.313,0.1,0.8,.125,0.4,0.8,.500,.344,0.5,0.9,.556,0.4,0.6,1.0,0.3,0.3,0.2,0.5,0.7,1.6
155,Daniel Gafford\gaffoda01,C,21,CHI,27,0,12.0,2.0,3.0,.688,0.0,0.0,,2.0,3.0,.688,.688,0.6,1.1,.500,1.1,1.1,2.2,0.4,0.1,1.3,0.4,1.7,4.6
156,Danilo Gallinari\gallida01,PF,31,OKC,31,31,30.4,5.6,13.2,.423,2.9,7.3,.392,2.7,5.9,.462,.532,3.9,4.4,.891,0.6,5.0,5.6,2.2,0.7,0.1,1.4,1.3,18.0
157,Langston Galloway\gallola01,SG,28,DET,38,6,25.7,3.6,8.2,.433,2.1,5.2,.402,1.4,3.0,.487,.561,1.5,1.7,.877,0.4,1.8,2.2,1.4,0.7,0.2,0.7,1.3,10.7
158,Darius Garland\garlada01,PG,20,CLE,37,37,29.1,4.4,11.0,.399,1.8,5.0,.370,2.5,6.0,.423,.483,1.2,1.4,.860,0.5,1.6,2.1,3.2,0.7,0.0,2.5,1.5,11.8
159,Marc Gasol\gasolma01,C,35,TOR,27,27,28.2,2.3,6.4,.364,1.1,3.3,.352,1.2,3.1,.376,.454,0.8,1.0,.750,0.9,5.8,6.6,3.4,0.8,1.1,1.2,3.1,6.6
160,Rudy Gay\gayru01,PF,33,SAS,35,5,22.6,4.0,8.6,.464,1.1,3.2,.339,2.9,5.4,.537,.526,1.9,2.2,.857,1.0,4.9,5.9,1.8,0.5,0.6,1.5,1.4,11.0
161,Paul George\georgpa01,SF,29,LAC,26,26,30.7,7.6,17.8,.429,3.6,9.2,.395,4.0,8.6,.464,.530,4.6,5.1,.909,0.5,5.5,6.0,3.7,1.5,0.5,3.3,2.5,23.5
162,Taj Gibson\gibsota01,C,34,NYK,34,28,16.0,2.0,4.2,.486,0.1,0.3,.200,2.0,3.9,.508,.493,0.4,0.6,.600,1.8,2.6,4.4,1.1,0.6,0.4,0.8,2.2,4.5
163,Harry Giles\gilesha01,PF,21,SAC,13,1,11.0,2.1,4.7,.443,0.0,0.0,,2.1,4.7,.443,.443,0.7,0.8,.900,0.8,1.8,2.7,1.2,0.7,0.3,1.2,2.5,4.8
164,Shai Gilgeous-Alexander\gilgesh01,SG,21,OKC,37,37,35.5,7.3,15.7,.462,1.2,3.6,.338,6.1,12.1,.499,.501,4.1,5.0,.806,0.7,4.6,5.3,2.8,1.2,0.4,2.0,1.6,19.8
165,Rudy Gobert\goberru01,C,27,UTA,34,34,34.6,5.7,8.5,.666,0.0,0.0,,5.7,8.5,.666,.666,3.2,5.2,.607,3.6,10.7,14.4,1.5,0.7,1.8,2.1,3.1,14.5
166,Brandon Goodwin\goodwbr01,PG,24,ATL,8,0,10.9,2.0,4.4,.457,0.8,1.8,.429,1.3,2.6,.476,.543,0.9,0.9,1.000,0.3,1.4,1.6,1.5,0.6,0.3,0.6,0.9,5.6
167,Aaron Gordon\gordoaa01,PF,24,ORL,32,32,31.3,5.0,12.2,.409,1.1,4.0,.276,3.9,8.2,.473,.454,2.1,3.1,.694,1.7,5.8,7.5,2.8,0.7,0.6,1.7,2.0,13.2
168,Eric Gordon\gordoer01,SG,31,HOU,12,3,28.6,3.9,11.8,.331,2.5,8.0,.313,1.4,3.8,.370,.437,1.5,2.4,.621,0.4,1.3,1.8,1.1,0.5,0.3,1.5,2.0,11.8
169,Devonte' Graham\grahade01,PG,24,CHO,39,29,35.2,6.0,15.7,.381,3.6,9.4,.389,2.3,6.3,.368,.497,3.5,4.2,.824,0.9,2.9,3.8,7.8,0.8,0.3,3.0,1.9,19.1
170,Treveon Graham\grahatr01,SG,26,MIN,29,20,21.1,2.0,5.6,.350,0.6,2.7,.231,1.3,2.9,.459,.405,0.9,1.2,.714,1.0,2.2,3.2,0.9,0.6,0.1,0.6,2.1,5.4
171,Jerami Grant\grantje01,PF,25,DEN,36,3,23.0,3.5,7.5,.463,1.2,3.1,.389,2.3,4.4,.516,.544,1.6,2.3,.675,0.5,2.6,3.1,0.9,0.4,0.6,0.8,1.8,9.7
172,Josh Gray\grayjo01,PG,26,NOP,2,0,11.5,0.5,1.0,.500,0.0,0.0,,0.5,1.0,.500,.500,0.0,0.0,,0.5,0.5,1.0,1.0,0.0,0.0,2.5,0.5,1.0
173,Danny Green\greenda02,SG,32,LAL,37,37,25.4,3.1,7.2,.434,2.0,5.1,.389,1.1,2.1,.545,.573,0.6,0.8,.750,0.7,2.9,3.7,1.4,1.1,0.4,0.9,2.2,8.8
174,Draymond Green\greendr01,PF,29,GSW,27,27,29.0,3.2,8.0,.401,0.8,2.9,.278,2.4,5.1,.471,.452,1.7,2.3,.746,0.6,5.7,6.3,5.6,1.5,0.7,2.3,2.5,9.0
175,JaMychal Green\greenja01,PF,29,LAC,29,0,21.2,2.4,5.9,.412,1.5,4.0,.376,0.9,1.8,.491,.541,0.7,0.9,.840,1.4,4.9,6.4,0.8,0.5,0.3,0.9,2.5,7.1
176,Javonte Green\greenja02,SF,26,BOS,27,0,7.7,1.2,2.2,.559,0.1,0.5,.214,1.1,1.7,.667,.585,0.2,0.3,.667,0.3,1.1,1.4,0.3,0.3,0.1,0.4,0.7,2.8
177,Jeff Green\greenje02,PF,33,UTA,30,2,18.4,2.5,6.5,.385,1.1,3.5,.327,1.4,3.0,.451,.472,1.6,2.1,.778,0.5,2.2,2.7,0.7,0.4,0.3,0.9,1.5,7.8
178,Blake Griffin\griffbl01,PF,30,DET,18,18,28.4,4.9,13.9,.352,1.5,6.2,.243,3.4,7.7,.439,.406,4.2,5.4,.776,0.9,3.7,4.7,3.3,0.4,0.4,2.2,1.5,15.5
179,Marko Guduric\gudurma01,SG,24,MEM,27,0,14.3,1.7,4.7,.370,0.7,2.4,.281,1.1,2.3,.460,.441,0.6,0.6,.882,0.4,1.6,2.0,1.4,0.3,0.2,1.0,0.9,4.7
180,Rui Hachimura\hachiru01,PF,21,WAS,25,25,29.2,5.8,12.1,.482,0.4,1.9,.208,5.4,10.2,.533,.498,1.8,2.2,.852,1.6,4.2,5.8,1.6,0.7,0.1,0.8,2.3,13.9
181,Devon Hall\hallde01,SG,24,OKC,5,0,4.0,0.2,1.0,.200,0.0,0.4,.000,0.2,0.6,.333,.200,0.6,0.8,.750,0.0,0.2,0.2,0.6,0.0,0.0,0.2,0.2,1.0
182,Tim Hardaway\hardati02,SG,27,DAL,33,20,25.4,4.8,11.3,.424,2.6,6.7,.389,2.2,4.6,.474,.539,1.6,1.9,.813,0.3,2.3,2.6,1.7,0.6,0.1,0.9,1.6,13.8
183,James Harden\hardeja01,SG,30,HOU,34,34,37.6,11.3,24.3,.463,5.2,13.5,.386,6.1,10.9,.558,.570,10.6,12.3,.864,1.0,5.0,6.0,7.6,1.8,0.8,4.7,3.3,38.4
184,Maurice Harkless\harklma01,SF,26,LAC,38,27,23.0,2.3,4.4,.509,0.5,1.5,.339,1.8,3.0,.593,.565,0.5,0.9,.556,1.0,2.9,3.9,1.1,1.1,0.7,0.9,2.5,5.6
185,Jared Harper\harpeja01,PG,22,PHO,1,0,2.0,0.0,1.0,.000,0.0,1.0,.000,0.0,0.0,,.000,0.0,0.0,,0.0,0.0,0.0,0.0,0.0,0.0,0.0,0.0,0.0
186,Montrezl Harrell\harremo01,C,26,LAC,37,2,29.1,7.9,13.8,.573,0.0,0.4,.000,7.9,13.4,.588,.573,3.6,5.5,.657,2.9,4.4,7.3,1.9,0.7,1.1,1.9,2.3,19.4
187,Gary Harris\harriga01,SG,25,DEN,34,34,33.1,4.2,9.9,.424,1.4,4.3,.324,2.8,5.6,.500,.494,1.3,1.6,.830,0.6,2.3,2.9,2.2,1.4,0.3,1.1,2.4,11.0
188,Joe Harris\harrijo01,SF,28,BRK,36,36,32.0,5.4,11.6,.465,2.6,6.3,.418,2.8,5.4,.521,.578,1.1,1.3,.792,0.9,3.2,4.1,2.2,0.7,0.3,1.4,2.4,14.5
189,Tobias Harris\harrito02,PF,27,PHI,38,38,33.9,7.6,15.6,.487,1.6,4.6,.354,6.0,11.0,.542,.539,2.6,3.2,.805,0.8,5.7,6.5,3.0,0.8,0.7,1.6,2.5,19.4
190,Shaquille Harrison\harrish01,SF,26,CHI,22,4,8.0,1.0,2.6,.386,0.2,0.6,.308,0.8,2.0,.409,.421,0.6,0.9,.650,0.3,1.2,1.5,1.1,0.5,0.2,0.3,1.0,2.8
191,Josh Hart\hartjo01,SF,24,NOP,30,5,27.5,3.6,8.8,.411,2.2,6.2,.348,1.5,2.6,.564,.534,1.3,1.8,.741,0.8,4.8,5.7,1.4,1.0,0.3,1.2,2.8,10.8
192,Isaiah Hartenstein\harteis01,C,21,HOU,13,1,14.7,2.3,3.4,.682,0.0,0.1,.000,2.3,3.3,.698,.682,1.2,1.6,.714,1.5,3.2,4.8,0.8,0.4,0.5,0.9,2.4,5.8
193,Udonis Haslem\hasleud01,PF,39,MIA,2,0,5.5,0.5,0.5,1.000,0.0,0.0,,0.5,0.5,1.000,1.000,1.5,2.0,.750,0.0,1.5,1.5,0.0,0.0,0.0,0.0,1.5,2.5
194,Jaxson Hayes\hayesja02,C,19,NOP,34,10,19.7,3.0,4.7,.635,0.0,0.1,.250,2.9,4.6,.645,.638,2.0,3.0,.650,1.8,2.6,4.4,0.9,0.6,1.1,0.9,2.9,7.9
195,Gordon Hayward\haywago01,SF,29,BOS,18,18,31.7,6.8,12.9,.526,1.4,4.1,.356,5.3,8.8,.604,.582,1.7,2.0,.833,1.1,5.3,6.3,4.2,0.7,0.4,1.7,1.8,16.7
196,John Henson\hensojo01,PF,29,CLE,18,1,13.1,1.9,3.5,.540,0.1,0.8,.143,1.8,2.7,.653,.556,0.4,1.0,.389,1.1,2.7,3.7,1.4,0.6,1.2,0.7,1.6,4.3
197,Dewan Hernandez\hernade01,C,23,TOR,4,0,2.8,0.3,1.3,.200,0.0,0.3,.000,0.3,1.0,.250,.200,0.5,0.5,1.000,0.5,1.3,1.8,0.0,0.3,0.0,0.3,1.5,1.0
198,Juan Hernangómez\hernaju01,PF,24,DEN,22,0,12.1,1.1,3.2,.357,0.5,2.0,.267,0.6,1.1,.520,.443,0.4,0.7,.533,0.5,1.7,2.3,0.7,0.0,0.1,0.5,0.7,3.2
199,Willy Hernangómez\hernawi01,C,25,CHO,12,0,6.0,1.0,2.5,.400,0.2,0.7,.250,0.8,1.8,.455,.433,0.5,1.1,.462,0.9,1.3,2.2,0.3,0.1,0.3,0.5,0.4,2.7
200,Tyler Herro\herroty01,SG,20,MIA,35,3,28.6,4.9,11.7,.416,2.0,5.4,.378,2.8,6.3,.448,.502,1.6,1.9,.846,0.3,3.9,4.3,2.1,0.7,0.1,1.9,1.3,13.3
201,Kevin Hervey\herveke01,F,23,OKC,2,0,4.0,0.0,2.0,.000,0.0,1.5,.000,0.0,0.5,.000,.000,0.0,0.0,,0.0,1.0,1.0,0.5,0.0,0.0,0.0,0.5,0.0
202,Mario Hezonja\hezonma01,PF,24,POR,28,4,16.5,1.6,4.1,.388,0.4,1.4,.308,1.2,2.8,.429,.440,1.0,1.2,.818,0.6,3.4,4.0,0.9,0.6,0.1,0.8,2.3,4.6
203,Buddy Hield\hieldbu01,SG,27,SAC,38,38,34.2,7.4,17.8,.414,3.7,9.9,.372,3.7,7.9,.467,.518,2.0,2.4,.824,0.9,4.2,5.1,3.1,0.8,0.3,2.6,2.6,20.4
204,George Hill\hillge01,PG,33,MIL,36,0,21.5,3.7,6.7,.550,1.6,3.1,.518,2.1,3.6,.577,.669,1.3,1.5,.818,1.0,2.2,3.3,3.0,0.7,0.1,0.9,1.4,10.2
205,Solomon Hill\hillso01,SF,28,MEM,36,2,19.4,2.1,5.2,.403,1.2,3.2,.377,0.9,2.0,.444,.519,0.5,0.7,.731,0.6,2.7,3.3,1.9,0.8,0.1,0.8,1.5,5.9
206,Jaylen Hoard\hoardja01,SF,20,POR,7,0,3.0,0.4,0.9,.500,0.0,0.0,,0.4,0.9,.500,.500,0.1,0.3,.500,0.6,0.6,1.1,0.3,0.1,0.0,0.1,0.1,1.0
207,Aaron Holiday\holidaa01,PG,23,IND,35,17,23.7,3.9,9.4,.415,1.6,3.9,.415,2.3,5.5,.415,.500,1.2,1.3,.872,0.4,2.1,2.5,3.5,0.9,0.2,1.4,2.0,10.5
208,Jrue Holiday\holidjr01,SG,29,NOP,34,34,35.6,7.8,17.9,.438,2.0,5.8,.342,5.9,12.1,.483,.493,2.0,2.8,.708,1.3,3.5,4.9,6.5,1.7,0.7,3.1,2.1,19.6
209,Justin Holiday\holidju01,SG,30,IND,37,2,25.0,2.7,6.6,.407,1.6,4.2,.389,1.0,2.3,.442,.533,0.7,0.8,.839,0.4,3.0,3.4,1.4,1.1,0.5,0.6,1.7,7.7
210,Rondae Hollis-Jefferson\holliro01,SF,25,TOR,29,2,20.6,3.2,6.7,.477,0.1,0.4,.182,3.1,6.3,.495,.482,2.1,2.7,.759,2.3,3.0,5.3,1.6,0.9,0.4,1.0,2.1,8.6
211,Richaun Holmes\holmeri01,C,26,SAC,37,33,29.4,5.5,8.4,.660,0.0,0.0,,5.5,8.4,.660,.660,2.1,2.5,.817,3.1,5.4,8.5,1.0,1.1,1.4,1.2,3.9,13.1
212,Rodney Hood\hoodro01,SF,27,POR,21,21,29.5,4.1,8.2,.506,1.7,3.4,.493,2.5,4.8,.515,.608,1.0,1.3,.778,0.5,3.0,3.4,1.5,0.8,0.2,0.9,2.2,11.0
213,Al Horford\horfoal01,C,33,PHI,34,34,30.7,5.1,11.2,.453,1.4,4.0,.341,3.7,7.2,.514,.513,0.8,1.1,.692,1.6,4.9,6.5,3.7,1.0,0.9,1.1,2.2,12.3
214,Talen Horton-Tucker\hortota01,SG,19,LAL,2,0,2.5,0.0,0.5,.000,0.0,0.5,.000,0.0,0.0,,.000,0.0,0.0,,0.0,0.0,0.0,1.0,0.5,0.0,0.0,0.0,0.0
215,Danuel House\houseda01,SF,26,HOU,29,27,30.8,3.8,8.8,.434,2.2,5.7,.380,1.7,3.1,.533,.557,1.2,1.6,.761,1.1,2.9,4.0,1.3,1.0,0.6,0.9,2.2,11.0
216,Dwight Howard\howardw01,C,34,LAL,37,0,19.6,2.9,3.9,.743,0.1,0.1,.500,2.8,3.8,.750,.750,1.3,2.6,.485,2.2,4.7,6.9,0.6,0.4,1.5,1.2,3.3,7.1
217,Kevin Huerter\huertke01,SG,21,ATL,26,18,27.0,4.0,9.5,.417,2.0,5.3,.381,1.9,4.2,.463,.524,1.2,1.5,.842,0.5,3.2,3.8,3.4,1.0,0.5,1.8,2.1,11.2
218,De'Andre Hunter\huntede01,SF,22,ATL,36,35,31.8,4.5,11.1,.403,1.7,4.9,.349,2.8,6.3,.444,.479,1.7,2.2,.772,0.4,3.3,3.8,1.8,0.6,0.3,1.7,2.6,12.3
219,Chandler Hutchison\hutchch01,SF,23,CHI,10,6,15.9,2.0,4.4,.455,0.5,1.2,.417,1.5,3.2,.469,.511,1.9,2.9,.655,0.1,3.2,3.3,0.8,0.5,0.2,1.2,1.2,6.4
220,Serge Ibaka\ibakase01,C,30,TOR,27,10,25.9,5.9,11.9,.494,0.9,2.5,.353,5.0,9.3,.532,.531,2.0,2.7,.764,2.2,6.1,8.3,1.2,0.4,0.9,2.0,2.7,14.6
221,Ersan İlyasova\ilyaser01,PF,32,MIL,35,4,17.1,3.0,5.8,.510,1.0,2.6,.385,2.0,3.2,.611,.596,1.4,1.7,.817,1.2,4.1,5.4,1.0,0.4,0.3,0.6,1.4,8.3
222,Joe Ingles\inglejo01,SF,32,UTA,36,16,30.0,3.7,8.3,.444,2.1,5.2,.412,1.5,3.1,.500,.574,1.0,1.3,.804,0.4,4.0,4.4,4.6,0.9,0.2,1.9,2.2,10.5
223,Brandon Ingram\ingrabr01,PF,22,NOP,33,33,34.2,8.9,18.6,.480,2.4,5.8,.404,6.6,12.8,.515,.544,4.9,5.7,.867,0.9,6.0,6.8,3.8,1.0,0.8,2.9,3.0,25.2
224,Kyrie Irving\irvinky01,PG,27,BRK,11,11,33.8,10.2,22.9,.444,2.8,8.3,.341,7.4,14.6,.503,.506,5.4,5.7,.937,0.9,4.5,5.4,7.2,1.1,0.5,2.4,2.9,28.5
225,Jonathan Isaac\isaacjo01,SF,22,ORL,32,32,29.7,4.7,10.1,.463,0.9,2.8,.330,3.7,7.2,.515,.509,1.8,2.3,.767,1.8,5.2,6.9,1.4,1.6,2.4,1.5,2.5,12.0
226,Wesley Iwundu\iwundwe01,SF,25,ORL,23,7,16.5,1.3,3.8,.345,0.2,1.0,.167,1.1,2.7,.413,.368,1.3,1.5,.882,0.5,2.0,2.5,0.9,0.6,0.3,0.5,1.3,4.1
227,Frank Jackson\jacksfr01,PG,21,NOP,29,1,12.7,2.0,5.3,.368,0.7,2.5,.278,1.3,2.9,.446,.432,0.9,1.1,.818,0.2,1.0,1.1,0.8,0.3,0.0,0.8,1.3,5.6
228,Jaren Jackson\jacksja02,C,20,MEM,37,37,28.3,6.5,13.5,.479,2.6,6.4,.408,3.8,7.1,.544,.576,2.3,3.0,.757,1.1,3.9,5.0,1.5,0.6,1.5,1.7,4.1,17.8
229,Justin Jackson\jacksju01,PF,24,DAL,32,2,15.7,2.3,5.8,.408,0.9,3.0,.305,1.4,2.8,.517,.486,0.7,0.8,.808,0.4,2.2,2.6,0.6,0.2,0.1,0.2,1.2,6.3
230,Reggie Jackson\jacksre01,PG,29,DET,2,2,18.0,2.0,5.5,.364,0.5,2.5,.200,1.5,3.0,.500,.409,0.5,0.5,1.000,0.5,2.0,2.5,4.0,0.0,0.0,0.5,1.0,5.0
231,Justin James\jamesju01,SG,23,SAC,20,0,9.3,1.4,3.3,.415,0.4,1.1,.318,1.0,2.2,.465,.469,0.2,0.6,.273,0.2,1.1,1.3,0.6,0.3,0.4,0.4,0.7,3.2
232,LeBron James\jamesle01,PG,35,LAL,36,36,35.0,9.6,19.7,.486,2.1,6.2,.347,7.4,13.6,.549,.540,3.8,5.5,.688,1.1,6.7,7.8,10.8,1.3,0.6,3.8,1.8,25.1
233,Amile Jefferson\jeffeam01,PF,26,ORL,11,0,3.7,0.3,0.5,.500,0.0,0.0,,0.3,0.5,.500,.500,0.2,0.5,.333,0.5,0.7,1.2,0.4,0.0,0.2,0.2,0.4,0.7
234,DaQuan Jeffries\jeffrda01,SG,22,SAC,2,0,5.5,0.5,0.5,1.000,0.0,0.0,,0.5,0.5,1.000,1.000,0.0,0.0,,0.5,0.0,0.5,0.5,0.0,0.0,0.0,0.5,1.0
235,Ty Jerome\jeromty01,PG,22,PHO,10,0,13.4,1.6,4.9,.327,0.6,2.0,.300,1.0,2.9,.345,.388,0.4,0.5,.800,0.3,1.4,1.7,2.2,1.1,0.0,0.9,1.3,4.2
236,Alize Johnson\johnsal02,SF,23,IND,10,0,4.3,0.7,1.3,.538,0.0,0.0,,0.7,1.3,.538,.538,0.3,0.4,.750,0.6,0.9,1.5,0.2,0.0,0.0,0.1,0.6,1.7
237,B.J. Johnson\johnsbj01,SF,24,ORL,1,0,3.0,0.0,0.0,,0.0,0.0,,0.0,0.0,,,0.0,0.0,,0.0,0.0,0.0,0.0,0.0,0.0,0.0,0.0,0.0
238,Cameron Johnson\johnsca02,PF,23,PHO,34,0,20.2,2.8,6.6,.418,1.8,4.6,.394,1.0,2.1,.471,.553,0.8,1.0,.743,0.9,2.1,3.0,1.0,0.5,0.3,0.6,1.6,8.1
239,James Johnson\johnsja01,PF,32,MIA,7,0,12.9,1.7,3.3,.522,0.6,1.6,.364,1.1,1.7,.667,.609,0.6,1.1,.500,0.6,1.9,2.4,0.9,0.4,0.6,0.7,1.0,4.6
240,Keldon Johnson\johnske04,SF,20,SAS,2,0,3.5,0.5,2.0,.250,0.0,0.0,,0.5,2.0,.250,.250,0.0,0.0,,0.0,1.0,1.0,0.0,0.0,0.0,0.0,0.0,1.0
241,Stanley Johnson\johnsst04,PF,23,TOR,11,0,5.3,0.6,2.3,.280,0.2,1.1,.167,0.5,1.2,.385,.320,0.3,0.4,.750,0.3,1.1,1.4,0.2,0.2,0.1,0.5,0.5,1.7
242,Tyler Johnson\johnsty01,SG,27,PHO,25,3,17.5,2.2,5.6,.383,0.8,2.7,.294,1.4,2.9,.466,.454,0.8,1.0,.769,0.4,1.6,2.0,1.9,0.4,0.3,0.8,1.4,5.9
243,Nikola Jokić\jokicni01,C,24,DEN,36,36,31.1,7.4,14.6,.505,1.3,4.0,.313,6.1,10.6,.577,.548,2.9,3.7,.803,2.3,7.4,9.8,6.4,1.0,0.5,2.5,3.1,18.9
244,Damian Jones\jonesda03,C,24,ATL,33,20,16.8,2.6,3.8,.685,0.1,0.2,.333,2.5,3.6,.703,.694,1.2,1.7,.719,1.5,2.2,3.7,0.7,0.4,0.8,0.5,3.1,6.5
245,Derrick Jones\jonesde02,SF,22,MIA,22,1,24.3,3.2,6.5,.486,0.5,2.4,.226,2.6,4.1,.637,.528,1.7,2.3,.740,0.8,3.0,3.9,1.0,1.2,0.6,0.8,2.4,8.6
246,Tyus Jones\jonesty01,PG,23,MEM,38,6,19.6,2.6,6.0,.439,0.5,1.6,.306,2.1,4.4,.488,.480,0.6,0.8,.733,0.1,1.5,1.6,4.8,0.9,0.1,1.1,0.8,6.3
247,DeAndre Jordan\jordade01,C,31,BRK,33,4,21.2,3.2,5.0,.646,0.0,0.0,,3.2,5.0,.646,.646,1.5,2.2,.681,2.4,7.5,9.8,2.1,0.4,1.0,1.2,2.0,7.9
248,Cory Joseph\josepco01,PG,28,SAC,38,20,26.0,2.5,6.4,.392,0.7,2.1,.329,1.8,4.4,.422,.445,0.8,0.8,.906,0.6,2.2,2.7,3.8,0.8,0.4,1.2,2.0,6.5
249,Mfiondu Kabengele\kabenmf01,C,22,LAC,10,0,4.4,1.0,2.2,.455,0.6,1.2,.500,0.4,1.0,.400,.591,0.3,0.3,1.000,0.1,0.7,0.8,0.1,0.1,0.1,0.1,0.6,2.9
250,Frank Kaminsky\kaminfr01,C,26,PHO,32,13,22.4,4.0,8.7,.455,1.2,3.5,.348,2.8,5.2,.527,.525,1.8,2.8,.670,0.9,4.0,4.9,2.2,0.4,0.3,1.0,2.2,11.0
251,Enes Kanter\kanteen01,C,27,BOS,27,3,18.1,3.8,6.7,.567,0.0,0.1,.250,3.7,6.5,.574,.569,1.3,2.0,.667,3.1,5.0,8.1,1.1,0.6,0.9,1.0,1.7,8.9
252,Luke Kennard\kennalu01,SG,23,DET,28,25,32.9,5.4,12.2,.442,2.6,6.5,.399,2.8,5.7,.491,.548,2.4,2.7,.893,0.3,3.2,3.5,4.1,0.4,0.2,1.5,2.3,15.8
253,Stanton Kidd\kiddst01,SF,27,UTA,4,0,3.8,0.0,0.8,.000,0.0,0.3,.000,0.0,0.5,.000,.000,0.0,0.0,,0.0,0.8,0.8,0.3,0.0,0.0,0.5,0.8,0.0
254,Michael Kidd-Gilchrist\kiddgmi01,PF,26,CHO,11,0,13.7,1.5,4.6,.333,0.5,1.5,.294,1.1,3.1,.353,.382,0.6,0.8,.778,0.8,2.3,3.1,0.8,0.0,0.3,0.6,1.6,4.2
255,Louis King\kinglo02,F,20,DET,4,0,3.0,0.8,1.8,.429,0.3,0.8,.333,0.5,1.0,.500,.500,0.0,0.0,,0.3,0.3,0.5,0.3,0.3,0.0,0.3,0.5,1.8
256,Maxi Kleber\klebima01,C,28,DAL,35,6,24.7,3.1,6.7,.468,1.7,4.1,.403,1.5,2.5,.573,.592,1.1,1.2,.881,1.6,3.8,5.4,1.1,0.3,0.7,0.8,2.3,8.9
257,Brandon Knight\knighbr03,PG,28,CLE,12,0,13.4,1.9,5.3,.359,1.3,4.0,.333,0.6,1.3,.438,.484,0.3,0.8,.333,0.2,1.0,1.2,2.0,0.4,0.2,1.0,1.0,5.4
258,Kevin Knox\knoxke01,SF,20,NYK,36,4,19.4,2.5,6.7,.378,1.2,3.5,.341,1.3,3.2,.417,.467,1.1,1.8,.641,0.4,2.7,3.1,1.1,0.5,0.5,0.7,1.6,7.4
259,John Konchar\konchjo01,SG,23,MEM,2,0,4.0,0.0,0.0,,0.0,0.0,,0.0,0.0,,,0.0,0.0,,0.0,0.5,0.5,0.0,0.0,0.0,0.0,0.0,0.0
260,Furkan Korkmaz\korkmfu01,SG,22,PHI,37,11,20.5,3.1,7.0,.436,1.6,4.2,.377,1.5,2.8,.524,.548,0.6,0.8,.750,0.2,2.0,2.2,0.8,0.5,0.2,0.6,1.4,8.2
261,Luke Kornet\kornelu01,C,24,CHI,17,0,8.9,1.0,2.9,.340,0.4,1.7,.241,0.6,1.2,.476,.410,0.3,0.3,1.000,0.4,1.1,1.4,0.4,0.1,0.6,0.2,0.8,2.7
262,Kyle Korver\korveky01,SF,38,MIL,33,0,16.7,2.0,4.9,.411,1.7,4.0,.414,0.4,0.9,.400,.580,0.6,0.7,.864,0.2,1.6,1.8,1.2,0.5,0.2,0.8,1.2,6.3
263,Rodions Kurucs\kurucro01,PF,21,BRK,21,2,11.8,1.3,3.1,.431,0.5,1.3,.370,0.9,1.8,.474,.508,0.4,0.7,.571,0.5,1.8,2.3,0.8,0.4,0.1,1.0,1.8,3.5
264,Kyle Kuzma\kuzmaky01,PF,24,LAL,28,1,23.4,4.4,10.3,.425,1.7,4.9,.346,2.7,5.4,.497,.507,1.6,2.1,.746,0.5,3.1,3.6,0.8,0.4,0.4,1.5,1.8,12.0
265,Skal Labissière\labissk01,C,23,POR,33,1,17.2,2.5,4.5,.551,0.1,0.4,.231,2.4,4.1,.582,.561,0.8,1.0,.758,2.0,3.2,5.1,1.3,0.2,0.9,0.9,2.7,5.8
266,Jeremy Lamb\lambje01,SG,27,IND,26,26,30.2,5.2,11.4,.451,1.3,3.7,.344,3.9,7.7,.502,.507,2.5,3.0,.857,0.6,4.2,4.8,2.6,1.3,0.6,1.3,2.2,14.1
267,Romeo Langford\langfro01,SG,20,BOS,9,0,10.2,0.8,2.0,.389,0.2,1.0,.222,0.6,1.0,.556,.444,0.6,0.7,.833,0.4,0.4,0.9,0.2,0.3,0.2,0.2,0.7,2.3
268,Zach LaVine\lavinza01,SG,24,CHI,37,37,33.7,8.1,18.9,.427,3.1,7.8,.391,5.0,11.1,.452,.508,4.5,5.5,.814,0.7,3.8,4.5,4.0,1.4,0.5,3.2,2.2,23.6
269,Jake Layman\laymaja01,PF,25,MIN,14,2,26.4,4.4,9.4,.462,1.4,3.9,.352,3.0,5.6,.538,.534,0.4,0.7,.600,0.9,2.1,2.9,0.8,0.9,0.7,1.3,2.2,10.5
270,T.J. Leaf\leaftj01,PF,22,IND,21,1,8.4,1.3,3.1,.415,0.2,0.7,.357,1.0,2.4,.431,.454,0.3,0.5,.600,1.0,1.9,2.8,0.3,0.3,0.1,0.3,0.8,3.1
271,Courtney Lee\leeco01,SG,34,DAL,9,3,8.0,1.4,2.4,.591,0.8,1.3,.583,0.7,1.1,.600,.750,0.0,0.0,,0.0,0.3,0.3,0.3,0.0,0.2,0.2,0.7,3.7
272,Damion Lee\leeda03,SG,27,GSW,24,11,26.4,4.1,9.9,.418,1.3,3.6,.368,2.8,6.3,.447,.485,2.8,3.1,.880,0.9,4.4,5.3,2.2,0.9,0.0,1.2,1.8,12.3
273,Alex Len\lenal01,C,26,ATL,35,9,18.5,3.5,6.4,.554,0.4,1.4,.286,3.1,5.0,.629,.585,1.3,2.1,.639,1.6,3.9,5.5,1.2,0.5,0.8,0.9,2.3,8.8
274,Kawhi Leonard\leonaka01,SF,28,LAC,28,28,31.9,8.8,19.7,.448,1.8,5.0,.353,7.1,14.7,.481,.493,5.9,6.6,.891,1.1,6.5,7.6,5.1,1.8,0.5,3.3,2.0,25.3
275,Meyers Leonard\leoname01,PF,27,MIA,36,36,19.4,2.4,4.4,.538,1.0,2.2,.450,1.4,2.2,.625,.650,0.3,0.4,.688,0.6,4.3,4.8,1.0,0.2,0.4,0.8,2.0,6.1
276,Caris LeVert\leverca01,SG,25,BRK,11,9,29.3,6.5,14.8,.436,1.5,3.7,.415,4.9,11.1,.443,.488,2.3,3.6,.625,1.1,3.5,4.6,3.6,0.5,0.1,3.4,1.9,16.7
277,Damian Lillard\lillada01,PG,29,POR,36,36,36.9,8.4,18.9,.442,3.4,9.4,.362,4.9,9.5,.522,.532,6.8,7.6,.891,0.4,3.7,4.2,7.6,1.0,0.4,2.8,1.8,26.9
278,Nassir Little\littlna01,PF,19,POR,27,3,12.6,1.2,3.2,.384,0.2,1.1,.161,1.0,2.0,.509,.413,0.7,1.0,.667,0.8,2.0,2.8,0.5,0.3,0.3,0.4,1.5,3.3
279,Kevon Looney\looneke01,C,23,GSW,10,3,10.5,1.1,3.2,.344,0.1,0.2,.500,1.0,3.0,.333,.359,0.3,0.5,.600,1.5,1.4,2.9,0.4,0.3,0.2,0.6,1.7,2.6
280,Brook Lopez\lopezbr01,C,31,MIL,36,36,26.4,3.6,8.9,.408,1.4,4.8,.304,2.2,4.2,.527,.489,1.6,1.8,.864,0.7,4.2,4.9,1.5,0.7,2.6,1.0,2.4,10.3
281,Robin Lopez\lopezro01,C,31,MIL,38,2,14.7,2.5,4.8,.519,0.4,1.6,.283,2.0,3.2,.636,.566,0.5,1.0,.486,1.1,1.8,2.8,0.7,0.2,0.7,1.0,1.4,5.9
282,Kevin Love\loveke01,PF,31,CLE,31,31,30.7,5.5,12.0,.461,2.4,6.3,.385,3.1,5.7,.545,.562,3.3,3.9,.851,0.9,9.3,10.2,2.9,0.5,0.4,2.7,1.4,16.8
283,Kyle Lowry\lowryky01,PG,33,TOR,26,26,38.3,6.2,15.2,.408,3.2,9.0,.353,3.0,6.2,.488,.513,5.4,6.2,.870,0.5,4.2,4.7,7.5,1.1,0.5,3.0,3.1,21.0
284,Timothé Luwawu-Cabarrot\luwawti01,SG,24,BRK,14,0,17.6,1.6,4.4,.371,0.7,2.1,.333,0.9,2.3,.406,.452,1.0,1.4,.737,0.5,1.6,2.1,0.7,0.4,0.1,1.1,1.9,5.0
285,Trey Lyles\lylestr01,PF,24,SAS,35,25,17.1,1.8,4.4,.405,0.8,2.4,.337,1.0,2.0,.486,.497,0.4,0.6,.682,1.2,4.7,5.8,1.2,0.3,0.3,0.6,1.3,4.8
286,Daryl Macon\maconda01,SG,24,MIA,4,0,3.5,0.3,0.8,.333,0.3,0.5,.500,0.0,0.3,.000,.500,0.0,0.0,,0.0,0.0,0.0,0.3,0.0,0.0,0.5,0.3,0.8
287,Josh Magette\magetjo01,PG,30,ORL,6,0,2.5,0.5,1.3,.375,0.0,0.0,,0.5,1.3,.375,.375,0.2,0.3,.500,0.2,0.3,0.5,0.3,0.3,0.0,0.7,0.0,1.2
288,Ian Mahinmi\mahinia01,C,33,WAS,16,13,21.5,2.8,5.3,.518,0.2,0.8,.231,2.6,4.5,.569,.535,1.9,3.4,.556,2.3,3.4,5.7,1.2,0.8,1.6,1.4,3.0,7.6
289,Thon Maker\makerth01,C,22,DET,36,3,11.0,1.2,2.3,.512,0.3,0.8,.370,0.9,1.6,.579,.571,1.1,1.7,.623,0.6,1.3,1.9,0.4,0.3,0.5,0.6,1.4,3.7
290,Terance Mann\mannte01,SG,23,LAC,22,5,9.2,1.0,1.9,.500,0.1,0.4,.222,0.9,1.5,.576,.524,0.4,0.5,.800,0.1,1.0,1.1,1.3,0.3,0.1,0.5,1.2,2.4
291,Boban Marjanović\marjabo01,C,31,DAL,18,1,9.4,2.1,3.9,.543,0.0,0.2,.000,2.1,3.7,.576,.543,0.8,1.1,.700,1.1,3.0,4.1,0.4,0.1,0.2,0.8,1.6,5.0
292,Lauri Markkanen\markkla01,PF,22,CHI,37,37,30.3,5.2,12.2,.423,2.3,6.5,.350,2.9,5.7,.505,.515,2.8,3.4,.827,1.2,5.5,6.7,1.6,0.9,0.5,1.7,1.9,15.4
293,Caleb Martin\martica02,SF,24,CHO,5,0,6.4,0.6,2.0,.300,0.0,0.6,.000,0.6,1.4,.429,.300,0.6,1.0,.600,0.2,0.8,1.0,0.6,0.2,0.4,0.6,0.6,1.8
294,Cody Martin\martico01,SF,24,CHO,29,0,14.7,1.4,3.4,.408,0.3,1.3,.211,1.1,2.1,.533,.449,1.0,1.4,.690,0.6,2.0,2.6,1.2,0.8,0.2,0.6,1.5,4.0
295,Kelan Martin\martike03,SF,24,MIN,17,3,17.4,2.3,6.4,.358,0.9,3.4,.263,1.4,3.1,.462,.427,0.3,0.3,1.000,0.3,3.1,3.4,0.5,0.2,0.3,0.4,1.9,5.8
296,Frank Mason\masonfr01,PG,25,MIL,4,0,4.5,0.3,1.8,.143,0.3,1.0,.250,0.0,0.8,.000,.214,0.5,1.0,.500,0.3,0.3,0.5,1.3,0.3,0.0,0.3,0.5,1.3
297,Garrison Mathews\mathega01,SG,23,WAS,15,0,13.1,1.5,3.3,.460,1.2,2.8,.429,0.3,0.5,.625,.640,1.9,2.1,.906,0.4,1.1,1.5,0.7,0.2,0.1,0.5,1.7,6.2
298,Wesley Matthews\matthwe02,SG,33,MIL,35,35,24.1,2.6,6.2,.422,1.6,4.3,.376,1.0,2.0,.522,.550,0.9,1.1,.795,0.2,2.2,2.4,1.4,0.7,0.2,0.7,1.5,7.7
299,Patrick McCaw\mccawpa01,SF,24,TOR,16,10,26.9,2.4,5.8,.424,0.9,2.5,.350,1.6,3.3,.481,.500,0.4,0.5,.750,0.5,2.1,2.6,1.9,1.3,0.1,1.1,1.8,6.1
300,CJ McCollum\mccolcj01,SG,28,POR,37,37,36.5,8.8,19.4,.453,2.6,7.0,.365,6.2,12.3,.502,.519,1.9,2.3,.802,0.8,3.5,4.3,3.8,0.8,0.6,1.8,2.6,21.9
301,T.J. McConnell\mccontj01,PG,27,IND,35,0,18.7,3.2,6.2,.512,0.1,0.3,.364,3.1,5.9,.519,.521,0.5,0.7,.826,0.5,2.1,2.7,5.3,0.6,0.1,1.4,1.1,7.0
302,Jalen McDaniels\mcdanja01,PF,22,CHO,2,0,3.5,1.0,2.5,.400,0.0,0.5,.000,1.0,2.0,.500,.400,0.0,0.0,,0.5,0.0,0.5,0.0,0.0,0.0,0.0,0.0,2.0
303,Doug McDermott\mcderdo01,PF,28,IND,37,0,20.8,3.6,7.6,.468,1.8,4.1,.453,1.7,3.6,.485,.589,0.6,0.7,.808,0.4,2.2,2.6,1.1,0.1,0.1,0.7,1.8,9.5
304,JaVale McGee\mcgeeja01,C,32,LAL,37,37,16.5,3.1,4.9,.624,0.1,0.1,.667,3.0,4.8,.624,.630,0.7,1.1,.659,1.9,3.9,5.8,0.6,0.5,1.7,0.8,2.4,6.9
305,Rodney McGruder\mcgruro01,SG,28,LAC,26,2,16.8,1.4,3.6,.394,0.7,2.1,.315,0.8,1.5,.500,.484,0.3,0.5,.500,0.6,2.3,2.8,0.6,0.5,0.2,0.3,1.7,3.8
306,Alfonzo McKinnie\mckinal01,SF,27,CLE,23,0,11.0,1.0,3.0,.353,0.3,1.2,.286,0.7,1.7,.400,.412,0.3,0.5,.636,0.7,1.5,2.1,0.2,0.3,0.1,0.5,1.2,2.7
307,Jordan McLaughlin\mclaujo01,PG,23,MIN,6,0,15.7,1.8,5.3,.344,0.7,2.5,.267,1.2,2.8,.412,.406,0.7,0.7,1.000,0.2,1.5,1.7,2.7,0.8,0.0,0.8,1.0,5.0
308,Ben McLemore\mclembe01,SG,26,HOU,35,8,23.6,3.2,7.9,.404,2.4,6.8,.354,0.8,1.1,.700,.556,1.0,1.3,.800,0.4,2.0,2.4,0.9,0.7,0.2,0.8,2.0,9.8
309,Jordan McRae\mcraejo01,SG,28,WAS,20,2,22.3,4.6,10.4,.438,1.7,3.7,.446,2.9,6.7,.433,.517,2.3,2.9,.789,0.5,2.8,3.3,2.8,0.7,0.6,1.3,2.1,13.0
310,Nicolò Melli\mellini01,C,29,NOP,26,3,14.2,1.7,4.2,.394,0.9,2.9,.307,0.8,1.3,.588,.500,0.9,1.2,.767,0.5,1.8,2.3,1.0,0.5,0.2,0.7,1.7,5.1
311,De'Anthony Melton\meltode01,PG,21,MEM,27,0,16.9,2.6,5.7,.452,0.6,1.7,.319,2.0,4.0,.509,.500,1.8,2.0,.891,0.8,3.0,3.9,2.8,1.3,0.3,1.4,1.9,7.6
312,Chimezie Metu\metuch01,PF,22,SAS,11,0,3.7,1.2,2.0,.591,0.0,0.0,,1.2,2.0,.591,.591,0.4,0.5,.667,0.7,0.8,1.5,0.3,0.1,0.3,0.1,0.1,2.7
313,Khris Middleton\middlkh01,SF,28,MIL,31,28,28.4,7.0,14.6,.476,2.1,5.4,.389,4.9,9.3,.526,.547,2.6,2.9,.901,0.9,4.7,5.6,3.8,0.9,0.2,2.1,2.3,18.7
314,C.J. Miles\milescj01,SG,32,WAS,10,0,16.1,1.9,5.9,.322,1.1,3.5,.314,0.8,2.4,.333,.415,1.5,2.0,.750,0.4,0.8,1.2,1.2,1.0,0.4,0.4,1.4,6.4
315,Malcolm Miller\millema01,SF,26,TOR,20,1,5.5,0.3,1.0,.316,0.3,0.8,.333,0.1,0.2,.250,.447,0.1,0.3,.167,0.1,0.7,0.7,0.4,0.2,0.1,0.2,0.5,0.9
316,Patty Mills\millspa02,PG,31,SAS,35,1,23.2,4.0,9.0,.443,2.3,5.5,.418,1.7,3.4,.483,.572,1.4,1.8,.790,0.3,1.3,1.6,2.1,0.8,0.1,1.0,1.5,11.7
317,Paul Millsap\millspa01,PF,34,DEN,32,32,24.9,4.1,8.8,.468,1.0,2.3,.413,3.2,6.5,.488,.523,2.7,3.0,.885,2.0,3.8,5.8,1.4,0.9,0.7,1.3,2.8,11.9
318,Shake Milton\miltosh01,SG,23,PHI,11,0,9.0,1.4,3.7,.366,0.5,2.0,.227,0.9,1.7,.526,.427,0.9,1.2,.769,0.2,1.2,1.4,0.7,0.1,0.1,1.2,1.4,4.1
319,Donovan Mitchell\mitchdo01,SG,23,UTA,36,36,35.0,9.3,20.2,.462,2.2,6.2,.360,7.1,14.0,.507,.517,4.1,4.9,.840,0.8,3.8,4.5,4.4,1.1,0.3,2.5,2.4,25.0
320,Naz Mitrou-Long\mitrona01,SG,26,IND,3,0,14.3,2.0,5.3,.375,0.7,3.7,.182,1.3,1.7,.800,.438,0.0,0.0,,0.0,2.0,2.0,2.3,0.3,0.3,0.7,0.3,4.7
321,Adam Mokoka\mokokad01,G,21,CHI,2,0,3.0,0.0,2.5,.000,0.0,1.0,.000,0.0,1.5,.000,.000,0.0,0.0,,1.0,0.0,1.0,0.0,0.0,0.0,0.0,0.0,0.0
322,Malik Monk\monkma01,SG,21,CHO,38,0,19.8,3.3,7.8,.426,0.9,3.6,.263,2.4,4.2,.565,.487,1.1,1.3,.820,0.4,2.3,2.7,1.9,0.5,0.2,1.3,1.4,8.7
323,E'Twaun Moore\mooreet01,SG,30,NOP,25,3,20.8,4.0,9.3,.425,1.5,3.8,.400,2.4,5.5,.442,.506,0.7,1.1,.630,0.7,2.4,3.2,1.6,0.6,0.1,0.6,1.7,10.1
324,Ja Morant\moranja01,PG,20,MEM,32,32,29.4,6.6,13.7,.485,0.9,2.3,.397,5.7,11.4,.503,.518,3.7,4.6,.797,0.6,2.6,3.2,6.6,1.0,0.3,3.3,1.8,17.8
325,Juwan Morgan\morgaju01,PF,22,UTA,5,0,3.2,0.0,0.2,.000,0.0,0.2,.000,0.0,0.0,,.000,0.0,0.0,,0.0,0.6,0.6,0.2,0.0,0.2,0.2,0.4,0.0
326,Marcus Morris\morrima03,SF,30,NYK,33,33,31.7,6.2,14.2,.438,2.7,5.8,.469,3.5,8.4,.417,.534,3.8,4.6,.830,1.2,4.4,5.5,1.5,0.8,0.5,1.6,3.0,19.1
327,Markieff Morris\morrima02,PF,30,DET,31,15,22.5,4.0,8.5,.470,1.7,4.2,.411,2.3,4.4,.526,.570,1.1,1.5,.745,0.5,3.4,3.9,1.7,0.6,0.2,1.7,2.3,10.8
328,Monte Morris\morrimo01,PG,24,DEN,36,0,17.6,2.9,6.6,.445,0.6,1.5,.415,2.3,5.1,.454,.492,0.8,1.0,.778,0.3,1.3,1.6,3.2,0.7,0.2,0.6,0.8,7.3
329,Johnathan Motley\motlejo01,PF,24,LAC,7,0,2.4,0.4,0.7,.600,0.1,0.1,1.000,0.3,0.6,.500,.700,0.3,0.3,1.000,0.1,0.1,0.3,0.7,0.4,0.0,0.6,0.7,1.3
330,Emmanuel Mudiay\mudiaem01,PG,23,UTA,33,0,16.6,2.9,6.1,.475,0.5,1.4,.340,2.4,4.7,.516,.515,1.1,1.4,.766,0.3,2.3,2.6,2.3,0.3,0.2,1.5,1.5,7.4
331,Dejounte Murray\murrade01,PG,23,SAS,31,23,23.8,4.3,8.7,.487,0.5,1.4,.349,3.8,7.4,.513,.515,1.5,1.9,.793,1.2,4.6,5.8,4.1,1.7,0.3,2.2,2.4,10.5
332,Jamal Murray\murraja01,PG,22,DEN,36,36,32.2,6.6,15.0,.440,1.7,5.1,.335,4.9,9.9,.493,.496,3.0,3.3,.915,0.8,3.3,4.2,4.8,1.4,0.3,2.2,1.8,17.8
333,Džanan Musa\musadz01,SF,20,BRK,26,0,13.1,1.5,4.3,.354,0.4,2.0,.208,1.1,2.3,.483,.403,1.0,1.3,.771,0.4,1.6,2.0,1.0,0.4,0.0,0.9,0.7,4.5
334,Mike Muscala\muscami01,C,28,OKC,23,0,10.3,1.0,3.4,.304,0.7,2.6,.254,0.4,0.9,.450,.399,0.5,0.5,.917,0.4,1.8,2.2,0.7,0.2,0.1,0.3,1.1,3.2
335,Sviatoslav Mykhailiuk\mykhasv01,SF,22,DET,33,9,19.4,2.4,5.9,.403,1.8,4.3,.430,0.5,1.6,.333,.559,0.6,0.7,.792,0.2,1.2,1.4,1.5,0.6,0.1,1.0,1.3,7.2
336,Abdel Nader\naderab01,SF,26,OKC,29,5,16.8,2.3,4.8,.471,1.0,2.5,.384,1.3,2.3,.567,.571,0.9,1.1,.788,0.3,1.3,1.6,0.7,0.4,0.3,0.9,1.4,6.4
337,Larry Nance\nancela02,C,27,CLE,31,5,24.3,3.1,6.4,.492,0.9,2.8,.337,2.2,3.6,.613,.566,0.8,1.3,.667,1.6,5.4,7.0,1.5,0.8,0.5,1.0,1.5,8.0
338,Shabazz Napier\napiesh01,PG,28,MIN,23,9,21.4,3.3,8.3,.395,1.3,4.6,.274,2.0,3.7,.548,.471,1.9,2.3,.827,0.3,2.2,2.4,4.2,1.2,0.3,2.0,1.5,9.7
339,Raul Neto\netora01,PG,27,PHI,30,2,11.2,1.6,3.3,.490,0.5,1.3,.421,1.1,2.0,.533,.571,0.2,0.3,.750,0.2,0.9,1.0,1.5,0.5,0.1,0.9,0.7,3.9
340,Georges Niang\niangge01,PF,26,UTA,30,0,12.4,1.8,3.8,.478,1.2,2.6,.462,0.6,1.2,.514,.635,0.2,0.3,.700,0.2,1.6,1.8,0.4,0.2,0.1,0.4,1.3,5.1
341,Nerlens Noel\noelne01,C,25,OKC,34,3,18.4,3.0,4.5,.660,0.0,0.0,,3.0,4.5,.660,.660,1.7,2.1,.808,1.7,3.4,5.1,1.2,1.1,1.5,1.0,2.5,7.7
342,Zach Norvell\norveza01,SG,22,LAL,2,0,2.5,0.0,0.5,.000,0.0,0.0,,0.0,0.5,.000,.000,0.0,0.0,,0.0,0.5,0.5,0.0,0.0,0.0,0.0,0.0,0.0
343,Jaylen Nowell\nowelja01,SG,20,MIN,7,0,11.6,1.6,4.4,.355,0.3,2.4,.118,1.3,2.0,.643,.387,1.0,1.1,.875,0.3,0.4,0.7,0.9,0.0,0.1,0.4,0.4,4.4
344,Frank Ntilikina\ntilila01,PG,21,NYK,35,24,22.3,2.2,5.6,.390,0.8,2.5,.330,1.3,3.1,.439,.464,0.8,0.9,.844,0.4,1.7,2.1,3.1,1.1,0.4,1.3,2.7,5.9
345,Kendrick Nunn\nunnke01,SG,24,MIA,36,36,30.6,6.1,13.9,.438,2.0,5.9,.340,4.1,8.1,.510,.510,1.2,1.5,.800,0.3,2.6,2.8,3.7,0.9,0.2,1.8,2.4,15.4
346,David Nwaba\nwabada01,SF,27,BRK,20,0,13.4,1.9,3.6,.521,0.6,1.4,.429,1.3,2.2,.581,.606,0.9,1.4,.667,0.4,1.9,2.3,0.4,0.6,0.6,0.4,1.6,5.2
347,Royce O'Neale\onealro01,PF,26,UTA,36,33,29.4,2.3,4.9,.469,1.3,3.1,.436,0.9,1.8,.523,.606,0.4,0.5,.778,0.2,4.7,4.9,2.5,0.8,0.3,0.9,2.9,6.3
348,Kyle O'Quinn\oquinky01,C,29,PHI,19,1,10.3,1.4,2.8,.491,0.3,0.9,.333,1.1,1.8,.571,.547,0.2,0.4,.375,1.2,2.6,3.7,1.5,0.1,0.8,0.9,1.3,3.2
349,Semi Ojeleye\ojelese01,PF,25,BOS,32,4,14.6,0.9,2.3,.384,0.5,1.4,.370,0.3,0.8,.407,.500,0.2,0.3,.700,0.3,1.5,1.8,0.5,0.4,0.1,0.2,1.2,2.5
350,Jahlil Okafor\okafoja01,C,24,NOP,21,8,16.4,3.1,5.1,.611,0.0,0.1,.500,3.1,5.0,.613,.616,1.4,2.2,.638,1.6,2.8,4.4,1.4,0.2,0.7,1.5,2.6,7.8
351,Elie Okobo\okoboel01,PG,22,PHO,28,1,11.3,1.6,3.7,.442,0.6,1.5,.415,1.0,2.3,.460,.524,1.0,1.6,.644,0.2,0.9,1.1,2.1,0.4,0.1,0.5,0.8,4.9
352,Josh Okogie\okogijo01,SG,21,MIN,34,12,23.6,2.4,6.2,.377,0.6,2.6,.253,1.7,3.7,.464,.429,2.2,2.9,.768,1.3,3.2,4.4,1.4,0.9,0.4,1.5,2.1,7.6
353,KZ Okpala\okpalkz01,SF,20,MIA,3,0,1.0,0.0,0.0,,0.0,0.0,,0.0,0.0,,,0.0,0.0,,0.0,0.3,0.3,0.0,0.0,0.0,0.3,0.0,0.0
354,Kelly Olynyk\olynyke01,C,28,MIA,35,0,20.1,2.5,5.6,.447,1.4,3.4,.415,1.1,2.3,.494,.571,1.3,1.5,.882,0.8,3.7,4.5,1.2,0.7,0.3,1.1,2.6,7.7
355,Miye Oni\onimi01,SG,22,UTA,3,0,2.7,0.0,0.0,,0.0,0.0,,0.0,0.0,,,0.0,0.0,,0.0,0.3,0.3,0.0,0.0,0.0,0.3,0.0,0.0
356,Cedi Osman\osmande01,SF,24,CLE,37,37,29.0,4.0,9.1,.442,1.8,4.7,.379,2.2,4.4,.509,.540,0.8,1.3,.633,0.4,2.8,3.2,2.1,0.9,0.3,1.4,2.2,10.6
357,Kelly Oubre\oubreke01,SF,24,PHO,37,37,33.8,6.5,14.1,.460,1.8,5.2,.356,4.6,8.9,.520,.525,3.5,4.4,.790,1.2,4.9,6.1,1.7,1.5,0.7,1.5,3.2,18.2
358,Jabari Parker\parkeja01,PF,24,ATL,32,23,26.2,6.2,12.3,.504,1.0,3.6,.270,5.2,8.7,.601,.543,1.7,2.3,.736,1.7,4.3,6.0,1.8,1.3,0.5,1.9,2.9,15.0
359,Chandler Parsons\parsoch01,SF,31,ATL,5,0,10.8,1.0,3.6,.278,0.8,2.8,.286,0.2,0.8,.250,.389,0.0,0.0,,0.2,1.2,1.4,0.6,0.8,0.2,0.6,0.6,2.8
360,Eric Paschall\pascher01,PF,23,GSW,33,20,27.7,5.3,10.8,.490,0.6,2.2,.288,4.6,8.5,.543,.520,2.8,3.6,.775,1.3,3.2,4.5,1.7,0.4,0.3,1.6,1.8,14.0
361,Anžejs Pasečņiks\pasecan01,C,24,WAS,11,0,21.0,3.1,6.0,.515,0.0,0.1,.000,3.1,5.9,.523,.515,1.5,2.6,.586,2.4,3.9,6.3,1.0,0.4,0.4,1.2,3.8,7.7
362,Patrick Patterson\pattepa01,PF,30,LAC,33,15,14.4,1.8,4.3,.406,1.3,3.3,.385,0.5,1.0,.471,.552,0.5,0.7,.708,0.8,2.2,3.0,0.8,0.2,0.1,0.3,0.8,5.3
363,Justin Patton\pattoju01,C,22,OKC,2,0,4.5,0.5,1.5,.333,0.0,0.5,.000,0.5,1.0,.500,.333,0.0,0.0,,0.0,1.0,1.0,0.0,0.0,0.0,0.5,2.0,1.0
364,Chris Paul\paulch01,PG,34,OKC,37,37,31.9,5.7,12.1,.470,1.6,4.4,.373,4.1,7.8,.524,.537,3.6,4.0,.905,0.3,4.7,5.1,6.5,1.5,0.1,2.1,2.4,16.6
365,Elfrid Payton\paytoel01,PG,25,NYK,19,10,24.7,3.5,8.4,.413,0.5,1.8,.265,3.0,6.6,.452,.441,0.7,1.4,.519,1.2,2.9,4.1,5.9,1.5,0.4,1.9,1.9,8.2
366,Gary Payton\paytoga02,G,27,WAS,8,6,23.8,2.5,5.9,.426,0.8,2.3,.333,1.8,3.6,.483,.489,0.3,0.5,.500,1.3,3.5,4.8,3.0,2.3,0.4,1.3,1.9,6.0
367,Norvel Pelle\pelleno01,SF,26,PHI,8,0,9.5,0.9,1.5,.583,0.0,0.0,,0.9,1.5,.583,.583,0.5,0.8,.667,0.6,2.1,2.8,0.6,0.0,1.3,0.8,2.0,2.3
368,Theo Pinson\pinsoth01,SG,24,BRK,24,0,13.3,1.8,5.9,.296,0.6,3.0,.197,1.2,3.0,.394,.345,0.6,0.7,.938,0.4,1.5,1.9,1.9,0.5,0.1,1.3,1.3,4.7
369,Mason Plumlee\plumlma01,C,29,DEN,36,1,17.2,2.7,4.8,.573,0.0,0.1,.000,2.7,4.6,.587,.573,1.4,2.4,.557,1.8,3.7,5.5,2.3,0.6,0.7,1.5,2.2,6.8
370,Vincent Poirier\poirivi01,C,26,BOS,9,0,4.9,0.8,1.6,.500,0.0,0.0,,0.8,1.6,.500,.500,0.1,0.2,.500,0.9,0.8,1.7,0.3,0.2,0.2,0.3,1.1,1.7
371,Jakob Pöltl\poeltja01,C,24,SAS,35,7,17.8,2.3,3.8,.602,0.0,0.0,,2.3,3.8,.602,.602,0.7,1.3,.533,1.9,3.7,5.7,1.8,0.5,1.4,0.9,1.7,5.3
372,Shamorie Ponds\pondssh01,PG,21,TOR,4,0,2.8,0.8,1.3,.600,0.3,0.5,.500,0.5,0.8,.667,.700,0.5,0.5,1.000,0.0,0.3,0.3,0.5,0.0,0.3,0.0,0.5,2.3
373,Jordan Poole\poolejo01,SG,20,GSW,31,9,21.5,2.2,8.3,.261,1.1,4.5,.239,1.1,3.8,.286,.325,1.6,1.9,.850,0.1,1.7,1.9,1.8,0.7,0.2,1.0,1.6,7.0
374,Kevin Porter\porteke02,SF,19,CLE,34,2,21.8,3.3,7.4,.439,0.8,2.7,.297,2.5,4.8,.519,.492,1.2,1.6,.727,0.4,2.9,3.3,1.9,0.9,0.2,1.7,2.6,8.5
375,Michael Porter\portemi01,PF,21,DEN,27,1,10.7,2.5,4.6,.540,0.6,1.6,.372,1.9,3.0,.630,.605,0.4,0.6,.706,0.9,2.0,2.9,0.5,0.1,0.4,0.7,1.4,6.0
376,Otto Porter\porteot01,SF,26,CHI,9,9,25.1,3.9,9.3,.417,1.8,4.4,.400,2.1,4.9,.432,.512,1.7,2.2,.750,0.9,2.6,3.4,1.6,1.0,0.3,0.8,2.2,11.2
377,Bobby Portis\portibo01,C,24,NYK,37,2,20.8,3.8,8.7,.440,1.1,3.0,.382,2.7,5.8,.469,.505,1.1,1.4,.750,1.4,4.1,5.6,1.3,0.6,0.2,1.0,1.8,9.9
378,Kristaps Porziņģis\porzikr01,PF,24,DAL,31,31,31.2,6.1,15.2,.403,2.2,6.4,.343,3.9,8.8,.445,.475,2.8,3.9,.725,1.7,7.6,9.4,1.5,0.6,2.1,1.7,3.0,17.3
379,Dwight Powell\poweldw01,C,28,DAL,33,30,26.6,3.3,5.5,.608,0.3,1.0,.265,3.1,4.5,.687,.633,1.8,2.6,.667,1.8,3.6,5.4,1.4,0.9,0.6,0.8,2.6,8.7
380,Norman Powell\powelno01,SG,26,TOR,27,16,28.9,5.2,10.5,.493,1.9,4.9,.389,3.3,5.7,.582,.583,2.1,2.6,.826,0.6,3.3,3.9,1.7,1.1,0.4,1.6,1.9,14.4
381,Julius Randle\randlju01,PF,25,NYK,37,37,32.1,6.8,15.1,.449,1.2,4.2,.286,5.6,10.9,.511,.488,3.8,5.4,.697,2.2,6.9,9.1,3.2,0.7,0.2,2.9,2.7,18.5
382,Josh Reaves\reavejo02,G,22,DAL,2,0,0.5,0.0,0.5,.000,0.0,0.0,,0.0,0.5,.000,.000,0.0,0.0,,0.0,0.0,0.0,0.0,0.0,0.0,0.0,0.0,0.0
383,Cam Reddish\reddica01,SF,20,ATL,33,22,25.6,2.7,8.5,.319,1.0,3.8,.264,1.7,4.8,.363,.378,1.5,2.0,.785,0.6,3.2,3.8,1.6,1.0,0.4,1.7,1.9,8.0
384,J.J. Redick\redicjj01,SG,35,NOP,35,31,28.4,4.9,10.8,.451,3.1,6.7,.462,1.8,4.1,.434,.595,2.7,3.0,.895,0.2,2.7,2.9,1.9,0.3,0.2,1.1,1.6,15.6
385,Naz Reid\reidna01,C,20,MIN,7,0,12.0,3.1,7.4,.423,1.4,4.1,.345,1.7,3.3,.522,.519,0.6,1.1,.500,1.0,1.9,2.9,1.0,0.6,0.4,1.0,2.1,8.3
386,Josh Richardson\richajo01,SG,26,PHI,30,30,32.0,5.6,12.8,.434,1.8,5.0,.358,3.8,7.8,.483,.504,2.1,2.7,.768,0.8,2.5,3.3,3.5,1.1,0.6,2.1,2.8,15.0
387,Austin Rivers\riverau01,SG,27,HOU,33,2,22.6,2.9,7.0,.411,1.3,3.9,.326,1.6,3.1,.520,.502,0.9,1.3,.682,0.5,1.8,2.4,1.5,0.5,0.2,0.6,1.8,7.9
388,Duncan Robinson\robindu01,SF,25,MIA,36,31,27.3,4.0,8.4,.472,3.2,7.2,.444,0.8,1.2,.636,.662,0.6,0.6,.957,0.2,3.1,3.3,0.9,0.6,0.3,0.7,2.7,11.8
389,Glenn Robinson\robingl02,SF,26,GSW,37,37,31.9,4.8,10.5,.454,1.3,3.2,.395,3.5,7.3,.480,.514,1.2,1.5,.833,1.4,3.3,4.7,1.6,0.9,0.2,0.9,1.8,12.1
390,Jerome Robinson\robinje01,SG,22,LAC,30,0,11.9,1.3,3.6,.352,0.5,1.8,.283,0.8,1.8,.418,.421,0.3,0.6,.588,0.1,1.4,1.6,1.0,0.3,0.2,0.7,1.4,3.4
391,Justin Robinson\robinju01,PG,22,WAS,9,0,5.4,0.6,1.3,.417,0.3,0.6,.600,0.2,0.8,.286,.542,0.0,0.0,,0.1,0.4,0.6,0.8,0.0,0.1,0.3,0.2,1.4
392,Mitchell Robinson\robinmi01,C,21,NYK,33,7,22.7,4.3,6.0,.709,0.0,0.0,,4.3,6.0,.709,.709,1.7,2.7,.622,3.0,3.9,7.0,0.5,0.8,1.8,0.6,3.5,10.2
393,Rajon Rondo\rondora01,PG,33,LAL,25,1,21.0,2.7,6.6,.404,1.0,2.6,.369,1.7,4.0,.426,.476,0.6,0.8,.762,0.4,3.0,3.4,5.4,1.0,0.1,2.1,1.2,7.0
394,Derrick Rose\rosede01,PG,31,DET,32,1,25.0,7.0,14.5,.484,1.0,3.0,.330,6.0,11.4,.525,.518,2.5,2.8,.878,0.5,1.7,2.2,5.8,0.9,0.3,2.5,1.0,17.5
395,Terrence Ross\rosste01,SG,28,ORL,35,0,25.1,4.6,11.1,.415,2.1,6.2,.341,2.5,4.9,.509,.510,2.0,2.4,.845,0.3,2.5,2.8,0.9,1.0,0.3,1.0,1.5,13.4
396,Terry Rozier\roziete01,PG,25,CHO,39,39,33.9,6.4,15.1,.424,2.6,6.7,.391,3.8,8.4,.450,.510,2.6,3.1,.842,0.8,3.6,4.4,4.4,1.2,0.2,2.6,2.2,18.0
397,Ricky Rubio\rubiori01,PG,29,PHO,31,31,32.1,4.8,11.7,.412,1.2,3.6,.319,3.7,8.1,.454,.462,2.6,3.1,.833,0.7,3.9,4.6,9.3,1.3,0.2,2.5,2.5,13.4
398,D'Angelo Russell\russeda01,SG,23,GSW,22,22,31.4,8.1,18.8,.433,3.4,9.3,.363,4.8,9.5,.502,.523,3.6,4.7,.767,0.3,3.1,3.4,6.0,0.9,0.4,3.0,2.2,23.2
399,Domantas Sabonis\sabondo01,C,23,IND,35,35,34.3,7.1,13.7,.522,0.3,1.1,.256,6.9,12.6,.545,.532,3.2,4.5,.718,3.4,9.6,13.0,4.2,0.9,0.6,2.6,3.4,17.8
400,JaKarr Sampson\sampsja02,SF,26,IND,11,7,15.6,2.2,3.8,.571,0.2,0.9,.200,2.0,2.9,.688,.595,0.2,0.6,.286,0.6,1.9,2.5,0.4,0.5,0.5,0.5,2.2,4.7
401,Dario Šarić\saricda01,PF,25,PHO,37,34,25.4,3.8,8.6,.438,1.4,4.2,.325,2.4,4.3,.550,.519,1.2,1.4,.830,1.5,5.0,6.5,1.9,0.6,0.3,1.3,2.4,10.1
402,Tomáš Satoranský\satorto01,PG,28,CHI,37,37,28.8,3.7,8.2,.446,1.2,3.2,.376,2.5,5.1,.489,.518,1.5,1.8,.877,1.1,2.7,3.8,5.5,1.5,0.1,2.0,1.9,10.1
403,Admiral Schofield\schofad01,SF,22,WAS,22,2,11.0,1.0,2.6,.368,0.5,1.7,.297,0.5,0.9,.500,.465,0.4,0.5,.750,0.2,1.0,1.2,0.5,0.3,0.1,0.3,1.7,2.8
404,Dennis Schröder\schrode01,PG,26,OKC,36,0,30.6,7.0,15.0,.467,1.8,5.1,.355,5.2,9.9,.524,.527,2.7,3.3,.814,0.3,3.4,3.8,3.7,0.7,0.3,2.9,2.2,18.5
405,Mike Scott\scottmi01,PF,31,PHI,38,4,18.4,2.2,5.2,.416,1.2,3.5,.348,0.9,1.7,.554,.533,0.4,0.4,.824,0.7,2.5,3.2,0.6,0.3,0.1,0.4,1.3,5.9
406,Thabo Sefolosha\sefolth01,PF,35,HOU,23,0,9.9,0.7,2.1,.333,0.3,1.3,.276,0.3,0.8,.421,.417,0.0,0.0,.000,0.5,1.6,2.1,0.7,0.4,0.2,0.3,0.9,1.7
407,Collin Sexton\sextoco01,SG,21,CLE,37,37,31.2,7.1,15.8,.451,0.9,3.2,.297,6.2,12.6,.489,.480,3.3,4.0,.830,1.0,2.1,3.1,2.3,1.0,0.1,2.1,2.1,18.5
408,Landry Shamet\shamela01,SG,22,LAC,21,14,26.5,2.9,6.9,.421,2.0,5.1,.393,0.9,1.8,.500,.566,1.1,1.2,.960,0.1,1.8,2.0,1.6,0.5,0.2,0.9,3.0,9.0
409,Iman Shumpert\shumpim01,SG,29,BRK,13,0,18.5,1.6,4.9,.328,0.6,2.5,.242,1.0,2.4,.419,.391,0.3,0.5,.571,0.7,1.9,2.6,0.9,0.9,0.2,0.8,1.6,4.2
410,Pascal Siakam\siakapa01,PF,25,TOR,27,27,36.6,9.4,20.5,.457,2.5,6.3,.392,6.9,14.2,.486,.517,3.9,4.7,.813,1.4,6.6,8.0,3.6,1.0,1.0,2.7,2.9,25.1
411,Chris Silva\silvach01,PF,23,MIA,29,0,8.5,1.3,1.9,.691,0.0,0.1,.000,1.3,1.8,.717,.691,1.0,1.4,.683,1.6,1.6,3.2,0.5,0.2,0.6,1.0,2.2,3.6
412,Ben Simmons\simmobe01,PG,23,PHI,36,36,35.4,6.1,10.8,.563,0.1,0.1,.400,6.0,10.7,.565,.566,2.7,4.6,.590,1.9,5.6,7.5,8.6,2.2,0.7,3.6,3.4,14.9
413,Anfernee Simons\simonan01,SG,20,POR,38,1,22.4,3.7,8.7,.419,1.2,3.7,.338,2.4,5.1,.477,.489,1.1,1.4,.774,0.4,2.2,2.6,1.4,0.4,0.1,1.0,2.0,9.6
414,Alen Smailagić\smailal01,F,19,GSW,5,0,11.4,1.8,3.6,.500,0.2,1.2,.167,1.6,2.4,.667,.528,1.2,1.4,.857,0.6,1.8,2.4,0.8,0.2,0.4,0.2,1.4,5.0
415,Marcus Smart\smartma01,SG,25,BOS,25,19,31.7,3.9,10.7,.363,2.0,6.2,.314,1.9,4.4,.432,.455,1.7,2.2,.778,0.9,2.4,3.3,4.7,1.5,0.5,1.2,2.4,11.4
416,Dennis Smith\smithde03,PG,22,NYK,21,1,16.1,2.0,6.0,.325,0.6,2.0,.293,1.4,4.0,.341,.373,0.7,1.4,.500,0.6,1.5,2.1,2.7,0.5,0.3,1.4,2.1,5.2
417,Ish Smith\smithis01,PG,31,WAS,36,12,26.1,4.8,10.2,.471,1.0,2.7,.371,3.8,7.5,.507,.520,0.8,1.3,.652,0.4,2.4,2.9,4.3,0.8,0.4,1.3,1.6,11.4
418,Tony Snell\snellto01,SF,28,DET,34,32,25.8,2.9,6.3,.469,1.9,4.3,.435,1.1,1.9,.545,.620,0.4,0.4,1.000,0.2,1.6,1.8,1.4,0.4,0.1,0.4,1.7,8.1
419,Omari Spellman\spellom01,PF,22,GSW,35,0,16.9,2.6,5.8,.450,0.7,1.8,.381,1.9,4.0,.482,.510,1.4,1.8,.806,1.9,3.1,4.9,0.9,0.7,0.5,1.1,1.0,7.3
420,Max Strus\strusma01,SG,23,CHI,2,0,3.0,1.0,1.5,.667,0.0,0.5,.000,1.0,1.0,1.000,.667,0.5,0.5,1.000,0.5,0.0,0.5,0.0,0.0,0.0,0.0,0.5,2.5
421,Edmond Sumner\sumneed01,PG,24,IND,13,2,14.2,1.7,4.2,.400,0.3,1.2,.250,1.4,3.0,.462,.436,0.3,0.5,.571,0.5,0.8,1.4,1.5,0.6,0.3,0.5,1.7,4.0
422,Caleb Swanigan\swanica01,PF,22,SAC,6,0,3.3,0.3,0.7,.500,0.0,0.0,,0.3,0.7,.500,.500,0.2,0.3,.500,0.3,0.8,1.2,0.2,0.2,0.3,0.8,1.0,0.8
423,Jayson Tatum\tatumja01,PF,21,BOS,34,34,34.2,7.7,18.2,.425,2.4,6.6,.363,5.4,11.6,.460,.490,3.3,3.9,.848,1.1,5.7,6.9,2.8,1.3,0.9,2.2,2.1,21.1
424,Jeff Teague\teaguje01,PG,31,MIN,30,13,28.6,4.5,9.8,.456,1.0,2.6,.392,3.4,7.2,.479,.509,3.9,4.5,.867,0.4,2.2,2.7,6.3,0.8,0.4,2.3,2.1,13.9
425,Garrett Temple\templga01,SG,33,BRK,35,25,29.5,3.7,10.0,.366,2.1,6.6,.320,1.5,3.4,.454,.471,1.1,1.5,.769,0.6,2.8,3.4,2.6,0.9,0.5,1.3,1.8,10.6
426,Daniel Theis\theisda01,C,27,BOS,31,30,21.7,2.9,5.8,.508,0.3,1.1,.265,2.6,4.7,.566,.534,1.0,1.4,.705,1.8,4.3,6.1,1.4,0.6,1.5,0.8,3.3,7.2
427,Isaiah Thomas\thomais02,PG,30,WAS,27,24,23.9,4.6,11.1,.417,2.0,4.9,.412,2.6,6.3,.420,.507,1.7,2.0,.855,0.2,1.3,1.5,4.3,0.4,0.2,2.1,2.1,13.0
428,Khyri Thomas\thomakh01,SG,23,DET,2,0,3.0,0.0,0.0,,0.0,0.0,,0.0,0.0,,,0.5,1.0,.500,0.0,0.0,0.0,0.0,0.0,0.0,0.0,0.0,0.5
429,Matt Thomas\thomama02,SG,25,TOR,13,0,11.6,1.7,3.3,.512,1.2,2.5,.500,0.5,0.8,.545,.698,0.4,0.5,.714,0.1,1.4,1.5,0.3,0.3,0.0,0.5,1.0,5.0
430,Tristan Thompson\thomptr01,C,28,CLE,35,35,31.3,5.1,10.4,.496,0.1,0.2,.429,5.1,10.2,.497,.500,1.9,3.1,.602,4.0,6.4,10.4,2.2,0.7,1.0,1.9,2.3,12.2
431,Matisse Thybulle\thybuma01,SG,22,PHI,30,3,17.6,1.6,3.7,.438,1.0,2.2,.463,0.6,1.5,.400,.576,0.5,0.8,.667,0.3,0.8,1.1,1.2,1.4,0.7,0.9,2.1,4.8
432,Anthony Tolliver\tollian01,PF,34,POR,28,8,16.2,1.0,3.0,.341,0.9,2.5,.343,0.2,0.5,.333,.482,0.4,0.6,.750,0.6,2.2,2.8,0.8,0.3,0.3,0.7,1.5,3.4
433,Karl-Anthony Towns\townska01,C,24,MIN,23,23,33.9,9.0,17.5,.514,3.6,8.5,.418,5.4,9.0,.604,.615,4.9,6.2,.796,2.7,9.0,11.7,4.4,1.0,1.3,3.1,3.5,26.5
434,Gary Trent\trentga02,SG,21,POR,25,2,12.1,1.4,3.8,.379,0.9,2.4,.377,0.5,1.4,.382,.500,0.2,0.2,1.000,0.2,0.8,1.0,0.5,0.3,0.2,0.3,0.8,4.0
435,Allonzo Trier\trieral01,PG,24,NYK,17,1,12.8,2.1,4.3,.493,0.9,2.3,.385,1.2,2.0,.618,.596,1.8,2.3,.795,0.1,1.3,1.4,1.3,0.1,0.2,1.2,1.4,6.9
436,P.J. Tucker\tuckepj01,PF,34,HOU,35,35,36.0,3.1,6.5,.476,1.7,4.3,.384,1.5,2.2,.654,.603,0.7,0.9,.767,1.6,5.6,7.3,1.4,1.2,0.5,1.0,3.3,8.5
437,Rayjon Tucker\tuckera01,F,22,UTA,3,0,4.0,1.0,1.7,.600,0.0,0.7,.000,1.0,1.0,1.000,.600,0.3,1.0,.333,0.3,0.3,0.7,0.0,0.0,0.0,0.0,0.0,2.3
438,Evan Turner\turneev01,PG,31,ATL,18,0,12.8,1.3,3.5,.381,0.0,0.3,.000,1.3,3.2,.414,.381,0.7,0.8,.857,0.4,1.6,2.0,2.0,0.4,0.4,1.4,1.0,3.3
439,Myles Turner\turnemy01,C,23,IND,29,29,29.5,4.4,9.8,.454,1.6,4.6,.356,2.8,5.2,.539,.537,2.0,2.8,.728,1.3,4.5,5.8,1.2,0.5,2.0,1.3,2.5,12.6
440,Jonas Valančiūnas\valanjo01,C,27,MEM,35,35,25.0,6.1,10.3,.593,0.7,1.5,.451,5.5,8.9,.616,.625,1.6,2.2,.750,2.6,7.1,9.7,2.0,0.3,0.9,2.1,2.6,14.5
441,Denzel Valentine\valende01,SF,26,CHI,21,0,12.7,2.4,5.7,.417,1.3,3.5,.384,1.0,2.2,.468,.533,0.2,0.2,1.000,0.1,1.8,2.0,1.0,0.7,0.2,0.6,1.3,6.3
442,Jarred Vanderbilt\vandeja01,SF,20,DEN,4,0,3.3,0.3,0.3,1.000,0.0,0.0,,0.3,0.3,1.000,1.000,0.0,0.0,,0.0,0.5,0.5,0.3,0.0,0.0,0.5,0.3,0.5
443,Fred VanVleet\vanvlfr01,PG,25,TOR,31,31,36.3,5.9,15.0,.394,2.6,6.9,.372,3.3,8.0,.414,.481,3.6,4.2,.847,0.3,3.6,3.9,7.0,1.9,0.4,2.5,2.2,18.0
444,Noah Vonleh\vonleno01,C,24,MIN,24,1,12.8,1.6,3.0,.534,0.0,0.5,.077,1.6,2.5,.633,.541,0.8,1.0,.833,1.2,2.9,4.1,1.0,0.4,0.3,0.7,1.3,4.1
445,Nikola Vučević\vucevni01,C,29,ORL,26,26,31.4,7.1,15.9,.448,1.6,4.4,.360,5.5,11.5,.482,.498,2.3,3.0,.782,2.7,8.6,11.3,3.5,0.8,1.0,1.2,2.0,18.2
446,Dean Wade\wadede01,PF,23,CLE,5,0,5.4,0.6,0.8,.750,0.4,0.4,1.000,0.2,0.4,.500,1.000,0.0,0.0,,0.2,1.0,1.2,0.0,0.2,0.0,0.4,1.0,1.6
447,Moritz Wagner\wagnemo01,C,22,WAS,21,4,20.4,4.4,7.6,.581,1.0,2.7,.393,3.4,5.0,.683,.650,1.7,2.0,.837,1.6,4.4,6.0,1.3,0.7,0.6,2.0,3.9,11.6
448,Kemba Walker\walkeke02,PG,29,BOS,30,30,32.3,7.5,17.3,.432,3.6,9.1,.398,3.8,8.2,.469,.537,3.9,4.5,.874,0.8,3.1,3.9,5.2,0.9,0.6,2.3,1.6,22.5
449,Lonnie Walker\walkelo01,SG,21,SAS,27,1,11.6,2.2,4.9,.450,0.4,1.2,.364,1.7,3.6,.480,.496,0.7,1.0,.643,0.4,1.6,2.0,0.6,0.3,0.1,0.7,1.2,5.5
450,Tyrone Wallace\wallaty01,SG,25,ATL,14,0,11.4,1.0,3.1,.318,0.1,1.1,.067,0.9,2.1,.448,.330,0.8,1.2,.647,0.2,1.4,1.6,0.9,0.5,0.1,0.7,1.4,2.9
451,Taurean Waller-Prince\princta02,SF,25,BRK,36,36,30.5,4.4,11.9,.370,2.5,6.9,.361,1.9,4.9,.382,.475,0.9,1.1,.780,0.9,5.9,6.8,2.1,0.9,0.4,2.1,2.7,12.2
452,Derrick Walton\waltode01,PG,24,LAC,19,1,10.8,0.9,1.8,.500,0.5,1.1,.450,0.4,0.7,.571,.632,0.3,0.4,.857,0.1,0.6,0.7,1.1,0.2,0.0,0.2,0.9,2.6
453,Brad Wanamaker\wanambr01,PG,30,BOS,34,0,18.7,2.1,4.9,.424,0.4,1.4,.326,1.6,3.5,.462,.470,1.9,2.1,.900,0.4,1.7,2.1,2.7,0.7,0.3,1.2,1.9,6.4
454,T.J. Warren\warretj01,SF,26,IND,37,37,32.6,7.3,14.4,.507,1.2,3.4,.371,6.0,11.0,.548,.550,2.5,3.0,.839,0.9,2.9,3.8,1.4,1.0,0.4,1.2,2.6,18.3
455,PJ Washington\washipj01,PF,21,CHO,34,34,30.3,4.8,9.9,.481,1.4,3.5,.407,3.4,6.4,.521,.552,1.6,2.5,.655,0.9,4.5,5.4,1.9,0.9,0.9,1.5,2.7,12.6
456,Yuta Watanabe\watanyu01,SG,25,MEM,4,0,4.5,0.8,1.5,.500,0.3,0.5,.500,0.5,1.0,.500,.583,0.0,0.0,,0.3,1.0,1.3,0.0,0.0,0.3,0.3,0.3,1.8
457,Tremont Waters\watertr01,PG,22,BOS,5,0,7.8,1.6,4.0,.400,0.4,2.2,.182,1.2,1.8,.667,.450,0.8,0.8,1.000,0.0,0.6,0.6,1.0,0.6,0.4,1.0,0.8,4.4
458,Russell Westbrook\westbru01,PG,31,HOU,31,31,35.3,9.0,21.2,.426,1.1,4.8,.235,7.9,16.4,.482,.453,4.9,6.3,.784,1.6,6.4,7.9,7.0,1.5,0.4,4.4,3.8,24.1
459,Coby White\whiteco01,SG,19,CHI,37,0,23.9,4.2,11.2,.371,1.9,5.3,.350,2.3,5.9,.390,.454,1.1,1.5,.759,0.4,3.1,3.4,2.2,0.8,0.1,1.5,1.4,11.3
460,Derrick White\whitede01,SG,25,SAS,33,11,23.7,3.4,7.3,.463,1.0,2.5,.390,2.4,4.8,.500,.529,1.8,2.2,.806,0.5,2.5,3.0,3.2,0.5,0.6,1.2,2.1,9.5
461,Hassan Whiteside\whiteha01,C,30,POR,35,35,29.9,6.5,10.8,.602,0.0,0.1,.500,6.5,10.8,.602,.603,2.7,3.6,.768,4.1,9.9,14.0,1.3,0.4,2.9,1.9,3.0,15.8
462,Andrew Wiggins\wiggian01,SF,24,MIN,28,28,35.5,9.0,20.4,.442,2.2,6.8,.323,6.8,13.6,.501,.496,3.9,5.2,.752,1.4,4.0,5.4,3.3,0.7,1.1,2.5,2.4,24.1
463,Grant Williams\willigr01,PF,21,BOS,32,1,15.5,1.2,3.1,.380,0.3,1.4,.178,0.9,1.7,.545,.420,0.7,1.0,.688,0.8,1.6,2.3,1.0,0.4,0.5,0.8,2.2,3.3
464,Johnathan Williams\willijo04,F,24,WAS,6,5,20.5,2.5,3.7,.682,0.0,0.2,.000,2.5,3.5,.714,.682,0.5,0.8,.600,2.2,4.2,6.3,1.0,0.2,0.8,0.3,1.2,5.5
465,Kenrich Williams\willike04,PF,25,NOP,35,18,22.3,1.4,4.1,.343,0.7,2.7,.260,0.7,1.3,.511,.430,0.3,0.7,.375,1.4,3.7,5.1,1.5,0.7,0.6,0.6,2.3,3.8
466,Lou Williams\willilo02,SG,33,LAC,35,4,30.3,6.5,15.3,.422,1.9,5.0,.374,4.6,10.3,.446,.483,4.8,5.6,.858,0.4,2.6,3.0,6.3,0.7,0.1,3.2,1.5,19.6
467,Marvin Williams\willima02,PF,33,CHO,33,0,20.1,2.5,5.2,.474,1.2,3.0,.398,1.3,2.3,.573,.587,1.2,1.3,.905,0.4,2.3,2.7,1.0,0.7,0.5,0.6,1.8,7.3
468,Robert Williams\williro04,C,22,BOS,19,1,14.2,1.7,2.6,.673,0.0,0.0,,1.7,2.6,.673,.673,0.4,0.7,.571,1.2,3.4,4.6,1.1,0.9,1.1,0.8,1.8,3.9
469,Nigel Williams-Goss\willini01,PG,25,UTA,8,0,3.0,0.0,0.6,.000,0.0,0.1,.000,0.0,0.5,.000,.000,0.3,0.3,1.000,0.3,0.3,0.5,0.5,0.1,0.1,0.3,0.1,0.3
470,D.J. Wilson\wilsodj01,PF,23,MIL,21,0,10.0,1.5,3.3,.443,0.5,2.0,.262,1.0,1.3,.714,.521,0.1,0.1,.667,0.3,1.7,2.0,0.7,0.0,0.1,0.5,0.8,3.6
471,Justise Winslow\winslju01,SF,23,MIA,10,5,33.7,5.0,12.7,.394,0.6,2.6,.231,4.4,10.1,.436,.417,1.8,2.7,.667,1.6,5.5,7.1,4.3,0.6,0.4,2.3,3.6,12.4
472,Christian Wood\woodch01,PF,24,DET,34,1,16.6,3.3,5.7,.582,0.6,1.6,.370,2.7,4.1,.664,.634,2.2,3.1,.698,1.3,3.8,5.1,0.7,0.3,0.7,1.0,1.1,9.4
473,Delon Wright\wrighde01,SG,27,DAL,34,2,20.3,2.8,5.6,.495,0.7,1.7,.404,2.1,4.0,.533,.555,1.3,1.5,.846,0.9,2.6,3.5,3.2,1.4,0.4,0.8,1.2,7.6
474,Thaddeus Young\youngth01,PF,31,CHI,36,0,21.8,3.5,8.8,.399,1.1,3.3,.325,2.4,5.5,.442,.459,0.7,1.1,.600,1.5,3.0,4.5,1.9,1.1,0.3,1.4,1.8,8.7
475,Trae Young\youngtr01,PG,21,ATL,34,34,35.1,9.3,20.8,.448,3.5,9.4,.375,5.8,11.4,.509,.533,6.7,7.9,.850,0.5,3.8,4.3,8.4,1.2,0.1,4.8,1.7,28.9
476,Cody Zeller\zelleco01,C,27,CHO,36,20,23.2,4.5,8.3,.542,0.5,1.6,.298,4.0,6.7,.600,.571,2.3,3.2,.698,2.9,4.4,7.3,1.2,0.6,0.4,1.4,2.6,11.7
477,Ante Žižić\zizican01,C,23,CLE,14,0,10.1,1.9,3.1,.605,0.0,0.0,,1.9,3.1,.605,.605,0.9,1.1,.867,0.9,2.5,3.4,0.1,0.4,0.3,0.4,1.1,4.6
478,Ivica Zubac\zubaciv01,C,22,LAC,38,36,17.3,3.3,5.5,.595,0.0,0.1,.000,3.3,5.5,.601,.595,1.8,2.4,.739,2.5,4.2,6.7,0.9,0.2,0.9,0.9,2.3,8.4